project_id,month,snapshot_date,physical_progress_pct,financial_progress_pct,cumulative_expenditure,revised_cost,cost_overrun_to_date_pct,revised_end_date,schedule_slip_months
PRJ-0001,Feb,2026-02-15,8.47,8.91,25816.07,413885.41,42.87,2031-12-16,25.21
PRJ-0001,March,2026-03-15,16.93,18.96,54921.75,411417.48,42.02,2031-09-16,22.05
PRJ-0001,April,2026-04-15,25.4,22.3,64600.65,393749.8,35.92,2031-07-16,20.37
PRJ-0001,May,2026-05-15,33.86,31.9,92404.67,379710.23,31.07,2031-08-16,20.6
PRJ-0001,June,2026-06-15,42.33,39.85,115456.45,416878.77,43.9,2031-08-16,20.97
PRJ-0001,July,2026-07-15,50.8,55.19,159891.85,283476.81,-2.15,2030-05-16,6.41
PRJ-0002,Feb,2026-02-15,9.41,6.89,54066.92,961991.27,22.63,2034-09-10,16.68
PRJ-0002,March,2026-03-15,18.83,18.25,143148.02,944362.6,20.39,2034-06-10,14.44
PRJ-0002,April,2026-04-15,28.24,24.57,192715.74,952464.84,21.42,2035-02-10,21.73
PRJ-0002,May,2026-05-15,37.65,37.94,297610.53,924416.67,17.84,2034-03-10,11.14
PRJ-0002,June,2026-06-15,47.06,51.54,404316.22,1321430.5,68.45,2035-11-10,30.9
PRJ-0002,July,2026-07-15,56.48,57.32,449636.46,714473.64,-8.92,2033-04-10,0.0
PRJ-0003,Feb,2026-02-15,8.26,13.11,262198.1,2254386.61,12.72,2034-01-27,17.68
PRJ-0003,March,2026-03-15,16.52,17.72,354459.0,2190077.15,9.5,2033-10-27,15.38
PRJ-0003,April,2026-04-15,24.78,24.74,494869.86,2183239.4,9.16,2033-08-27,12.78
PRJ-0003,May,2026-05-15,33.03,25.62,512496.68,2224092.52,11.2,2033-06-27,11.31
PRJ-0003,June,2026-06-15,41.29,40.7,813991.25,2511494.11,25.57,2033-10-27,14.87
PRJ-0003,July,2026-07-15,49.55,49.39,987827.95,2030645.21,1.53,2033-02-27,7.48
PRJ-0004,Feb,2026-02-15,24.41,24.57,8505.35,43569.83,25.86,2033-11-24,20.04
PRJ-0004,March,2026-03-15,48.82,40.93,14167.6,41837.95,20.86,2033-05-24,13.99
PRJ-0004,April,2026-04-15,73.23,73.91,25586.81,42129.28,21.7,2033-01-24,9.88
PRJ-0004,May,2026-05-15,97.64,100.0,34617.63,41521.15,19.94,2032-11-24,8.23
PRJ-0004,June,2026-06-15,100.0,91.57,31699.1,50364.29,45.49,2033-08-24,17.46
PRJ-0004,July,2026-07-15,100.0,100.0,34617.63,35820.59,3.47,2032-03-24,0.0
PRJ-0005,Feb,2026-02-15,13.44,16.43,196830.32,1399245.1,16.82,2033-06-15,16.39
PRJ-0005,March,2026-03-15,26.89,28.55,341919.09,1384635.51,15.6,2033-05-15,15.39
PRJ-0005,April,2026-04-15,40.33,41.21,493601.72,1396419.94,16.58,2033-02-15,12.45
PRJ-0005,May,2026-05-15,53.77,50.17,600953.93,1407514.99,17.51,2033-01-15,10.5
PRJ-0005,June,2026-06-15,67.22,70.73,847247.41,1565090.61,30.66,2033-02-15,11.67
PRJ-0005,July,2026-07-15,80.66,72.51,868530.16,1227227.29,2.46,2032-05-15,3.25
PRJ-0006,Feb,2026-02-15,7.43,10.12,117023.72,1616220.32,39.75,2037-01-03,25.97
PRJ-0006,March,2026-03-15,14.86,14.19,164060.48,1566124.23,35.42,2036-12-03,24.7
PRJ-0006,April,2026-04-15,22.29,16.7,193169.16,1537623.21,32.95,2036-09-03,22.17
PRJ-0006,May,2026-05-15,29.72,35.37,409068.76,1483864.45,28.3,2036-07-03,20.39
PRJ-0006,June,2026-06-15,37.15,37.78,436929.79,1878370.93,62.42,2037-04-03,28.97
PRJ-0006,July,2026-07-15,44.58,43.1,498434.83,1157519.75,0.09,2035-06-03,7.15
PRJ-0007,Feb,2026-02-15,10.52,13.44,212567.53,1771425.27,12.01,2031-12-02,18.56
PRJ-0007,March,2026-03-15,21.04,14.54,229931.22,1820069.24,15.09,2031-09-02,16.2
PRJ-0007,April,2026-04-15,31.56,29.74,470298.06,1785975.41,12.93,2031-06-02,12.94
PRJ-0007,May,2026-05-15,42.09,43.15,682468.16,1683609.9,6.46,2030-12-02,7.08
PRJ-0007,June,2026-06-15,52.61,46.36,733231.46,2117844.19,33.91,2031-12-02,18.64
PRJ-0007,July,2026-07-15,63.13,60.0,948847.76,1459019.91,-7.74,2030-05-02,0.0
PRJ-0008,Feb,2026-02-15,6.41,2.11,198.06,12006.06,28.0,2035-10-12,19.92
PRJ-0008,March,2026-03-15,12.83,15.24,1429.52,11967.73,27.59,2035-10-12,19.86
PRJ-0008,April,2026-04-15,19.24,14.6,1369.41,11609.86,23.78,2035-08-12,18.08
PRJ-0008,May,2026-05-15,25.66,23.78,2230.35,11272.57,20.18,2035-07-12,16.86
PRJ-0008,June,2026-06-15,32.07,34.11,3199.55,12222.11,30.31,2035-10-12,19.86
PRJ-0008,July,2026-07-15,38.49,43.25,4056.51,9411.17,0.34,2034-03-12,1.4
PRJ-0009,Feb,2026-02-15,2.1,0.0,0.0,228940.35,44.36,2033-08-15,29.53
PRJ-0009,March,2026-03-15,4.2,0.0,0.0,221223.2,39.49,2033-02-15,24.15
PRJ-0009,April,2026-04-15,6.29,9.76,15475.85,213559.53,34.66,2033-03-15,24.84
PRJ-0009,May,2026-05-15,8.39,6.78,10747.26,205027.22,29.28,2032-10-15,19.51
PRJ-0009,June,2026-06-15,10.49,5.09,8069.69,247349.5,55.96,2033-12-15,33.54
PRJ-0009,July,2026-07-15,12.59,7.94,12590.27,175676.68,10.77,2032-03-15,12.9
PRJ-0010,Feb,2026-02-15,1.89,0.0,0.0,1567228.6,30.51,2032-10-12,20.95
PRJ-0010,March,2026-03-15,3.77,0.29,3446.02,1508949.47,25.66,2033-02-12,24.53
PRJ-0010,April,2026-04-15,5.66,6.64,79725.57,1455003.92,21.17,2032-04-12,15.18
PRJ-0010,May,2026-05-15,7.54,8.4,100927.86,1381450.35,15.04,2032-03-12,14.31
PRJ-0010,June,2026-06-15,9.43,4.62,55463.7,2098706.35,74.77,2034-01-12,36.47
PRJ-0010,July,2026-07-15,11.32,11.97,143772.16,861800.9,-28.23,2031-01-12,0.0
PRJ-0011,Feb,2026-02-15,18.89,17.17,137799.52,1049828.9,30.78,2032-06-26,22.1
PRJ-0011,March,2026-03-15,37.78,36.55,293395.13,1024240.03,27.59,2032-01-26,17.33
PRJ-0011,April,2026-04-15,56.66,51.3,411825.76,1022519.91,27.38,2031-12-26,16.32
PRJ-0011,May,2026-05-15,75.55,76.42,613463.16,946775.71,17.94,2031-08-26,12.36
PRJ-0011,June,2026-06-15,94.44,95.12,763586.9,1155617.11,43.96,2031-11-26,14.93
PRJ-0011,July,2026-07-15,100.0,98.99,794660.97,805516.63,0.34,2030-08-26,0.0
PRJ-0012,Feb,2026-02-15,4.67,6.85,16336.57,286238.63,19.97,2034-11-14,18.89
PRJ-0012,March,2026-03-15,9.33,9.68,23103.08,286733.33,20.18,2034-11-14,18.73
PRJ-0012,April,2026-04-15,14.0,13.63,32523.16,280560.96,17.59,2034-07-14,15.42
PRJ-0012,May,2026-05-15,18.66,16.86,40215.82,282792.59,18.53,2034-07-14,14.91
PRJ-0012,June,2026-06-15,23.33,24.34,58064.87,311220.89,30.44,2034-09-14,17.05
PRJ-0012,July,2026-07-15,28.0,27.62,65894.6,249276.21,4.48,2033-12-14,7.99
PRJ-0013,Feb,2026-02-15,20.21,26.57,10460.62,53816.28,36.69,2031-04-27,22.74
PRJ-0013,March,2026-03-15,40.42,37.78,14872.85,52975.9,34.56,2031-01-27,20.41
PRJ-0013,April,2026-04-15,60.63,60.69,23892.16,52433.55,33.18,2030-08-27,14.76
PRJ-0013,May,2026-05-15,80.84,80.56,31715.47,51373.96,30.49,2030-03-27,10.3
PRJ-0013,June,2026-06-15,100.0,100.0,39369.97,60043.64,52.51,2030-06-27,13.18
PRJ-0013,July,2026-07-15,100.0,98.09,38617.09,40449.03,2.74,2029-09-27,3.58
PRJ-0014,Feb,2026-02-15,1.18,0.0,0.0,1147740.76,34.88,2034-04-15,21.31
PRJ-0014,March,2026-03-15,1.45,4.09,34823.24,1075462.46,26.39,2034-05-15,22.06
PRJ-0014,April,2026-04-15,3.54,0.0,0.0,1052869.46,23.73,2034-04-15,21.41
PRJ-0014,May,2026-05-15,2.11,6.74,57383.79,968561.22,13.82,2034-05-15,22.3
PRJ-0014,June,2026-06-15,2.84,5.17,44028.96,1305000.22,53.36,2034-12-15,29.35
PRJ-0014,July,2026-07-15,2.79,0.38,3233.63,695475.92,-18.27,2032-10-15,3.09
PRJ-0015,Feb,2026-02-15,2.71,6.57,13036.27,280465.96,41.35,2033-11-02,26.08
PRJ-0015,March,2026-03-15,5.42,4.64,9205.96,272855.98,37.51,2033-09-02,23.79
PRJ-0015,April,2026-04-15,8.14,0.22,445.39,257043.45,29.54,2033-06-02,20.84
PRJ-0015,May,2026-05-15,10.85,5.7,11315.45,244175.95,23.06,2033-04-02,18.7
PRJ-0015,June,2026-06-15,13.56,4.94,9792.19,316368.85,59.44,2034-02-02,29.35
PRJ-0015,July,2026-07-15,16.27,17.82,35356.85,180257.68,-9.15,2032-02-02,4.54
PRJ-0016,Feb,2026-02-15,15.67,17.54,33541.56,244452.88,27.84,2033-04-07,20.25
PRJ-0016,March,2026-03-15,31.34,31.87,60935.26,244782.22,28.01,2033-04-07,19.68
PRJ-0016,April,2026-04-15,47.01,50.15,95891.81,239531.89,25.26,2033-01-07,16.94
PRJ-0016,May,2026-05-15,62.68,55.45,106023.0,232719.63,21.7,2032-11-07,15.16
PRJ-0016,June,2026-06-15,78.35,71.49,136702.67,284424.92,48.74,2033-02-07,18.23
PRJ-0016,July,2026-07-15,94.02,92.9,177640.54,207159.38,8.34,2031-11-07,2.61
PRJ-0017,Feb,2026-02-15,0.34,1.2,16109.1,1472967.06,9.73,2036-10-06,16.91
PRJ-0017,March,2026-03-15,1.4,1.57,21134.25,1465826.15,9.2,2036-06-06,13.43
PRJ-0017,April,2026-04-15,2.1,1.98,26635.67,1441886.29,7.41,2036-08-06,14.73
PRJ-0017,May,2026-05-15,2.8,0.7,9396.38,1449915.69,8.01,2036-08-06,15.31
PRJ-0017,June,2026-06-15,3.4,3.79,50913.49,1906113.45,42.0,2037-12-06,30.97
PRJ-0017,July,2026-07-15,4.19,5.49,73681.94,1146710.02,-14.58,2035-10-06,4.8
PRJ-0018,Feb,2026-02-15,7.11,5.78,35455.88,778421.34,26.91,2034-03-08,25.97
PRJ-0018,March,2026-03-15,14.22,11.34,69558.8,765848.92,24.86,2033-07-08,17.61
PRJ-0018,April,2026-04-15,21.33,25.07,153795.13,734351.82,19.72,2033-05-08,15.62
PRJ-0018,May,2026-05-15,28.44,28.18,172864.02,730049.67,19.02,2033-06-08,16.71
PRJ-0018,June,2026-06-15,35.55,31.24,191638.85,863186.98,40.73,2033-11-08,22.44
PRJ-0018,July,2026-07-15,42.66,43.99,269791.88,607395.37,-0.97,2032-06-08,4.92
PRJ-0019,Feb,2026-02-15,4.41,6.83,58497.98,954788.44,11.46,2031-07-12,17.98
PRJ-0019,March,2026-03-15,8.82,1.98,16968.91,979160.62,14.3,2031-03-12,14.47
PRJ-0019,April,2026-04-15,13.23,9.82,84150.1,927647.05,8.29,2030-12-12,11.16
PRJ-0019,May,2026-05-15,17.64,12.77,109384.32,926389.4,8.14,2031-02-12,13.4
PRJ-0019,June,2026-06-15,22.04,23.97,205321.65,1048964.33,22.45,2031-07-12,18.23
PRJ-0019,July,2026-07-15,26.45,24.96,213812.11,846202.3,-1.22,2031-02-12,12.64
PRJ-0020,Feb,2026-02-15,20.49,18.61,50149.7,328912.56,22.07,2035-04-21,21.29
PRJ-0020,March,2026-03-15,40.97,43.88,118222.09,330990.76,22.84,2034-08-21,13.22
PRJ-0020,April,2026-04-15,61.46,61.61,165991.37,321566.31,19.35,2034-07-21,11.74
PRJ-0020,May,2026-05-15,81.94,81.22,218849.63,314031.58,16.55,2034-03-21,7.99
PRJ-0020,June,2026-06-15,100.0,96.75,260674.63,361093.77,34.02,2034-06-21,10.83
PRJ-0020,July,2026-07-15,100.0,100.0,269441.06,289640.44,7.5,2033-11-21,3.83
PRJ-0021,Feb,2026-02-15,27.69,30.85,396128.67,1484037.3,15.59,2033-10-15,16.09
PRJ-0021,March,2026-03-15,55.38,62.5,802402.02,1496249.87,16.54,2033-03-15,9.41
PRJ-0021,April,2026-04-15,83.07,83.12,1067189.27,1446170.66,12.64,2032-12-15,6.26
PRJ-0021,May,2026-05-15,100.0,94.06,1207623.04,1418498.45,10.48,2032-10-15,3.85
PRJ-0021,June,2026-06-15,100.0,100.0,1283916.55,1728363.37,34.62,2033-05-15,10.53
PRJ-0021,July,2026-07-15,100.0,100.0,1283916.55,1173385.74,-8.61,2032-06-15,0.0
PRJ-0022,Feb,2026-02-15,10.24,16.57,132275.9,1036788.05,29.85,2035-11-09,19.37
PRJ-0022,March,2026-03-15,20.47,20.31,162197.32,1028778.86,28.85,2035-11-09,19.46
PRJ-0022,April,2026-04-15,30.71,29.49,235428.78,1019533.72,27.69,2035-12-09,20.46
PRJ-0022,May,2026-05-15,40.94,35.37,282380.63,1004265.9,25.78,2035-10-09,17.99
PRJ-0022,June,2026-06-15,51.18,48.69,388796.87,1240508.44,55.36,2036-02-09,22.07
PRJ-0022,July,2026-07-15,61.41,61.19,488591.04,878131.38,9.98,2035-02-09,10.45
PRJ-0023,Feb,2026-02-15,22.66,23.99,139078.72,661172.57,14.03,2034-01-01,14.68
PRJ-0023,March,2026-03-15,45.32,47.52,275535.05,662447.32,14.25,2033-05-01,6.79
PRJ-0023,April,2026-04-15,67.97,68.53,397341.39,628137.32,8.33,2033-04-01,6.37
PRJ-0023,May,2026-05-15,90.63,93.79,543822.62,621110.07,7.12,2033-03-01,4.83
PRJ-0023,June,2026-06-15,100.0,92.61,537009.48,801438.39,38.22,2033-10-01,12.47
PRJ-0023,July,2026-07-15,100.0,95.64,554541.05,477529.27,-17.64,2032-10-01,0.0
PRJ-0024,Feb,2026-02-15,11.0,8.81,20954.66,291066.25,22.37,2032-07-01,14.54
PRJ-0024,March,2026-03-15,21.99,22.04,52436.41,284520.27,19.62,2032-10-01,18.44
PRJ-0024,April,2026-04-15,32.99,34.82,82826.95,276054.25,16.06,2032-06-01,14.39
PRJ-0024,May,2026-05-15,43.98,53.09,126287.19,274465.97,15.39,2032-06-01,14.05
PRJ-0024,June,2026-06-15,54.98,56.77,135023.1,323841.89,36.15,2032-12-01,20.34
PRJ-0024,July,2026-07-15,65.97,64.27,152869.11,231809.0,-2.54,2031-10-01,5.52
PRJ-0025,Feb,2026-02-15,16.25,12.69,41571.57,450800.5,37.59,2032-04-20,17.68
PRJ-0025,March,2026-03-15,32.5,33.97,111313.02,447506.07,36.58,2032-06-20,19.92
PRJ-0025,April,2026-04-15,48.74,48.8,159883.67,455578.86,39.05,2032-08-20,22.4
PRJ-0025,May,2026-05-15,64.99,68.3,223775.32,441525.67,34.76,2032-03-20,16.92
PRJ-0025,June,2026-06-15,81.24,81.46,266913.74,538443.23,64.34,2032-12-20,25.76
PRJ-0025,July,2026-07-15,97.49,96.33,315638.48,391806.92,19.58,2031-06-20,7.96
PRJ-0026,Feb,2026-02-15,23.31,13.78,125463.86,999262.65,9.73,2032-11-12,13.64
PRJ-0026,March,2026-03-15,46.62,52.5,478112.95,977779.85,7.37,2032-06-12,9.32
PRJ-0026,April,2026-04-15,69.93,66.32,603989.91,1030503.59,13.16,2032-02-12,5.11
PRJ-0026,May,2026-05-15,93.24,93.11,847910.82,1030157.78,13.12,2032-01-12,4.42
PRJ-0026,June,2026-06-15,100.0,100.0,910676.7,1143526.2,25.57,2032-08-12,10.62
PRJ-0026,July,2026-07-15,100.0,100.0,910676.7,999300.66,9.73,2032-03-12,6.37
PRJ-0027,Feb,2026-02-15,0.76,1.55,1377.87,93814.53,5.79,2031-04-23,11.56
PRJ-0027,March,2026-03-15,1.52,2.12,1876.69,88735.58,0.06,2031-04-23,12.49
PRJ-0027,April,2026-04-15,0.99,7.28,6453.01,91092.32,2.72,2031-08-23,15.97
PRJ-0027,May,2026-05-15,3.05,1.65,1458.83,86002.76,-3.02,2031-04-23,11.54
PRJ-0027,June,2026-06-15,3.82,9.74,8635.68,119798.69,35.09,2032-06-23,26.06
PRJ-0027,July,2026-07-15,4.58,1.05,929.69,66137.71,-25.42,2030-08-23,4.13
PRJ-0028,Feb,2026-02-15,15.87,17.89,206548.99,1738201.5,50.55,2035-04-15,26.39
PRJ-0028,March,2026-03-15,31.74,31.4,362500.7,1734717.67,50.25,2035-03-15,25.23
PRJ-0028,April,2026-04-15,47.62,41.48,478965.86,1694368.19,46.75,2034-12-15,21.62
PRJ-0028,May,2026-05-15,63.49,61.03,704649.9,1645916.24,42.56,2034-06-15,16.06
PRJ-0028,June,2026-06-15,79.36,83.85,968129.67,1815780.33,57.27,2034-12-15,22.43
PRJ-0028,July,2026-07-15,95.23,98.06,1132118.27,1238118.3,7.24,2033-02-15,0.0
PRJ-0029,Feb,2026-02-15,13.4,15.75,82586.59,526588.63,0.45,2034-09-03,9.66
PRJ-0029,March,2026-03-15,26.8,27.92,146380.38,531058.54,1.31,2034-07-03,7.85
PRJ-0029,April,2026-04-15,40.2,33.61,176181.08,508225.71,-3.05,2034-06-03,6.69
PRJ-0029,May,2026-05-15,53.6,44.11,231227.4,500329.48,-4.56,2034-02-03,2.9
PRJ-0029,June,2026-06-15,67.0,73.3,384251.22,639791.33,22.05,2034-07-03,8.27
PRJ-0029,July,2026-07-15,80.4,84.84,444728.24,406220.89,-22.51,2033-11-03,0.0
PRJ-0030,Feb,2026-02-15,4.82,11.02,65708.81,729058.0,22.24,2030-07-27,18.33
PRJ-0030,March,2026-03-15,9.63,14.17,84514.08,721204.36,20.92,2030-11-27,22.38
PRJ-0030,April,2026-04-15,14.45,14.38,85795.47,702811.84,17.84,2030-09-27,20.15
PRJ-0030,May,2026-05-15,19.27,23.38,139444.99,682300.45,14.4,2030-02-27,12.69
PRJ-0030,June,2026-06-15,24.09,23.12,137873.64,834074.65,39.84,2030-10-27,21.14
PRJ-0030,July,2026-07-15,28.9,30.01,178988.84,599555.55,0.52,2029-12-27,10.71
PRJ-0031,Feb,2026-02-15,19.76,30.17,125399.7,530848.69,27.73,2034-12-24,18.58
PRJ-0031,March,2026-03-15,39.52,42.59,177018.88,514844.77,23.88,2034-10-24,17.25
PRJ-0031,April,2026-04-15,59.28,57.67,239651.75,506313.7,21.83,2034-07-24,13.61
PRJ-0031,May,2026-05-15,79.04,77.4,321647.14,493584.58,18.77,2034-02-24,9.26
PRJ-0031,June,2026-06-15,98.8,96.38,400539.01,617464.06,48.57,2034-06-24,13.46
PRJ-0031,July,2026-07-15,100.0,94.96,394655.19,416046.54,0.11,2033-05-24,0.0
PRJ-0032,Feb,2026-02-15,12.06,14.71,45347.44,350118.39,13.56,2035-04-27,15.33
PRJ-0032,March,2026-03-15,24.12,22.39,69024.41,338511.04,9.79,2035-02-27,13.19
PRJ-0032,April,2026-04-15,36.18,32.55,100357.59,338609.14,9.82,2034-12-27,11.17
PRJ-0032,May,2026-05-15,48.24,49.09,151345.88,322542.6,4.61,2034-10-27,9.35
PRJ-0032,June,2026-06-15,60.3,67.57,208321.58,371083.76,20.36,2034-11-27,10.13
PRJ-0032,July,2026-07-15,72.36,72.22,222660.44,295803.21,-4.06,2034-03-27,1.7
PRJ-0033,Feb,2026-02-15,11.11,8.3,29577.54,443110.17,24.42,2033-10-07,20.74
PRJ-0033,March,2026-03-15,22.22,26.59,94687.23,432853.64,21.54,2033-10-07,21.29
PRJ-0033,April,2026-04-15,33.34,24.57,87489.78,431091.67,21.04,2033-03-07,14.27
PRJ-0033,May,2026-05-15,44.45,46.66,166178.61,431950.9,21.28,2033-04-07,14.61
PRJ-0033,June,2026-06-15,55.56,57.5,204775.88,483204.39,35.67,2033-09-07,20.25
PRJ-0033,July,2026-07-15,66.67,72.76,259127.31,387082.04,8.69,2032-09-07,7.76
PRJ-0034,Feb,2026-02-15,0.23,0.0,0.0,321025.69,16.48,2033-02-16,21.31
PRJ-0034,March,2026-03-15,0.13,0.0,0.0,319347.61,15.87,2033-02-16,21.33
PRJ-0034,April,2026-04-15,0.7,0.42,1146.4,315182.97,14.36,2032-09-16,16.2
PRJ-0034,May,2026-05-15,0.93,0.0,0.0,308839.13,12.06,2032-11-16,18.41
PRJ-0034,June,2026-06-15,1.16,2.14,5894.44,521666.83,89.28,2034-12-16,43.4
PRJ-0034,July,2026-07-15,1.39,5.57,15363.66,214043.22,-22.34,2031-07-16,2.28
PRJ-0035,Feb,2026-02-15,25.42,28.57,9000.97,42542.52,35.03,2036-04-02,21.12
PRJ-0035,March,2026-03-15,50.84,49.59,15623.99,41314.12,31.13,2036-04-02,20.84
PRJ-0035,April,2026-04-15,76.26,78.25,24655.45,39595.98,25.67,2035-03-02,8.48
PRJ-0035,May,2026-05-15,100.0,98.27,30960.34,39238.79,24.54,2034-11-02,4.42
PRJ-0035,June,2026-06-15,100.0,98.48,31027.88,49451.9,56.96,2035-11-02,15.74
PRJ-0035,July,2026-07-15,100.0,100.0,31506.83,31618.71,0.36,2034-10-02,3.1
PRJ-0036,Feb,2026-02-15,33.89,34.69,72880.67,262307.75,24.86,2032-08-22,17.51
PRJ-0036,March,2026-03-15,67.77,69.65,146321.58,251596.88,19.76,2032-05-22,15.33
PRJ-0036,April,2026-04-15,100.0,100.0,210076.71,251340.36,19.64,2031-09-22,7.24
PRJ-0036,May,2026-05-15,100.0,100.0,210076.71,241117.68,14.78,2031-06-22,3.54
PRJ-0036,June,2026-06-15,100.0,100.0,210076.71,417197.42,98.59,2034-03-22,37.25
PRJ-0036,July,2026-07-15,100.0,100.0,210076.71,157934.77,-24.82,2031-02-22,0.0
PRJ-0037,Feb,2026-02-15,16.37,18.86,88078.6,639159.46,36.89,2035-08-12,21.28
PRJ-0037,March,2026-03-15,32.74,34.61,161616.93,640082.19,37.09,2035-09-12,22.48
PRJ-0037,April,2026-04-15,49.1,45.81,213898.56,600039.75,28.51,2035-06-12,18.56
PRJ-0037,May,2026-05-15,65.47,57.82,269942.51,607406.41,30.09,2035-04-12,16.75
PRJ-0037,June,2026-06-15,81.84,87.48,408464.0,756677.67,62.06,2035-11-12,23.73
PRJ-0037,July,2026-07-15,98.21,100.0,466906.04,473624.51,1.44,2033-11-12,0.0
PRJ-0038,Feb,2026-02-15,0.52,0.0,0.0,21855.65,26.3,2036-07-07,24.46
PRJ-0038,March,2026-03-15,1.04,0.0,0.0,20744.65,19.88,2036-05-07,21.91
PRJ-0038,April,2026-04-15,1.56,0.0,0.0,20290.17,17.26,2036-01-07,17.54
PRJ-0038,May,2026-05-15,2.08,7.95,1374.85,19929.37,15.17,2035-10-07,15.43
PRJ-0038,June,2026-06-15,2.6,2.96,512.39,27390.69,58.29,2037-01-07,30.12
PRJ-0038,July,2026-07-15,3.12,3.14,543.67,14416.7,-16.69,2035-03-07,8.07
PRJ-0039,Feb,2026-02-15,9.13,8.78,59007.36,755458.67,12.36,2036-02-15,13.29
PRJ-0039,March,2026-03-15,18.26,24.04,161659.44,743526.68,10.59,2036-02-15,13.2
PRJ-0039,April,2026-04-15,27.38,25.33,170300.94,767049.04,14.09,2036-03-15,14.23
PRJ-0039,May,2026-05-15,36.51,32.28,217049.06,769712.84,14.48,2035-10-15,8.89
PRJ-0039,June,2026-06-15,45.64,42.33,284621.58,864674.64,28.61,2036-05-15,16.49
PRJ-0039,July,2026-07-15,54.77,55.84,375440.69,672339.68,0.0,2035-05-15,3.53
PRJ-0040,Feb,2026-02-15,7.72,6.03,120659.29,2315536.85,15.78,2029-09-08,16.83
PRJ-0040,March,2026-03-15,15.45,14.36,287218.21,2327541.5,16.38,2029-08-08,15.84
PRJ-0040,April,2026-04-15,23.17,25.93,518677.5,2300442.24,15.02,2029-09-08,17.35
PRJ-0040,May,2026-05-15,30.89,32.83,656672.52,2288962.04,14.45,2029-05-08,12.87
PRJ-0040,June,2026-06-15,38.62,44.88,897583.18,2529487.85,26.47,2029-10-08,17.65
PRJ-0040,July,2026-07-15,46.34,48.16,963104.64,2081002.79,4.05,2029-02-08,10.32
PRJ-0041,Feb,2026-02-15,20.58,19.62,18620.38,98168.45,3.46,2031-02-26,13.31
PRJ-0041,March,2026-03-15,41.16,36.05,34204.49,96553.68,1.75,2030-07-26,5.61
PRJ-0041,April,2026-04-15,61.75,60.28,57203.24,98407.81,3.71,2030-10-26,8.69
PRJ-0041,May,2026-05-15,82.33,84.31,80001.62,98542.05,3.85,2030-05-26,3.76
PRJ-0041,June,2026-06-15,100.0,96.55,91617.13,116396.15,22.67,2030-11-26,9.65
PRJ-0041,July,2026-07-15,100.0,100.0,94888.83,86354.98,-8.99,2030-01-26,0.0
PRJ-0042,Feb,2026-02-15,24.21,24.01,193904.82,865149.35,7.12,2031-07-16,13.0
PRJ-0042,March,2026-03-15,48.42,43.86,354244.44,841103.18,4.14,2031-01-16,7.36
PRJ-0042,April,2026-04-15,72.63,73.09,590334.51,818537.31,1.35,2030-10-16,4.08
PRJ-0042,May,2026-05-15,96.84,92.5,747075.48,807417.39,-0.03,2030-07-16,0.72
PRJ-0042,June,2026-06-15,100.0,93.06,751630.94,1183393.99,46.52,2031-11-16,16.64
PRJ-0042,July,2026-07-15,100.0,98.52,795694.26,563052.15,-30.29,2030-06-16,0.0
PRJ-0043,Feb,2026-02-15,0.8,6.37,80384.53,1782319.83,41.29,2037-04-13,24.65
PRJ-0043,March,2026-03-15,1.61,0.0,0.0,1703230.51,35.02,2036-12-13,20.51
PRJ-0043,April,2026-04-15,2.41,7.05,88960.27,1641706.08,30.14,2037-03-13,24.35
PRJ-0043,May,2026-05-15,2.83,2.16,27238.46,1556074.19,23.35,2036-12-13,21.33
PRJ-0043,June,2026-06-15,4.02,2.44,30840.44,2302692.06,82.54,2038-04-13,37.17
PRJ-0043,July,2026-07-15,4.82,9.14,115290.84,1032686.41,-18.14,2035-06-13,2.68
PRJ-0044,Feb,2026-02-15,11.86,9.72,1717.68,20563.82,16.4,2035-05-22,18.1
PRJ-0044,March,2026-03-15,23.71,20.94,3698.94,20496.89,16.02,2034-10-22,11.12
PRJ-0044,April,2026-04-15,35.57,38.87,6867.58,20692.01,17.13,2035-02-22,15.27
PRJ-0044,May,2026-05-15,47.43,49.73,8786.32,20216.5,14.43,2034-10-22,10.87
PRJ-0044,June,2026-06-15,59.28,57.57,10171.34,24149.41,36.7,2035-10-22,23.0
PRJ-0044,July,2026-07-15,71.14,69.29,12240.43,16729.06,-5.31,2034-02-22,2.54
PRJ-0045,Feb,2026-02-15,9.19,9.56,7288.0,90239.36,18.43,2032-10-02,17.37
PRJ-0045,March,2026-03-15,18.37,16.07,12242.45,88132.49,15.66,2032-07-02,14.38
PRJ-0045,April,2026-04-15,27.56,27.13,20669.41,88785.47,16.52,2032-06-02,12.9
PRJ-0045,May,2026-05-15,36.75,41.15,31354.07,84967.8,11.51,2032-06-02,12.97
PRJ-0045,June,2026-06-15,45.93,44.9,34215.48,100695.54,32.15,2032-12-02,18.89
PRJ-0045,July,2026-07-15,55.12,54.08,41209.17,76435.57,0.31,2031-12-02,7.43
PRJ-0046,Feb,2026-02-15,44.62,45.74,392890.67,948532.05,10.42,2031-12-03,7.54
PRJ-0046,March,2026-03-15,89.25,87.79,754132.12,943999.32,9.89,2031-08-03,3.91
PRJ-0046,April,2026-04-15,100.0,100.0,859011.31,923312.82,7.49,2031-06-03,1.55
PRJ-0046,May,2026-05-15,100.0,100.0,859011.31,888094.91,3.39,2031-07-03,2.69
PRJ-0046,June,2026-06-15,100.0,93.84,806070.98,1404377.84,63.49,2033-03-03,22.82
PRJ-0046,July,2026-07-15,100.0,95.88,823578.74,662094.38,-22.92,2031-04-03,0.0
PRJ-0047,Feb,2026-02-15,62.42,66.34,747635.32,1334727.59,18.44,2032-02-09,12.9
PRJ-0047,March,2026-03-15,100.0,100.0,1126924.18,1323307.05,17.43,2031-07-09,5.88
PRJ-0047,April,2026-04-15,100.0,100.0,1126924.18,1339143.69,18.83,2031-10-09,8.98
PRJ-0047,May,2026-05-15,100.0,99.33,1119356.93,1321918.53,17.3,2031-09-09,8.25
PRJ-0047,June,2026-06-15,100.0,100.0,1126924.18,1452528.16,28.89,2031-10-09,8.78
PRJ-0047,July,2026-07-15,100.0,97.73,1101332.99,1209073.67,7.29,2031-02-09,1.31
PRJ-0048,Feb,2026-02-15,5.14,1.85,7265.37,587510.62,49.62,2034-05-25,31.9
PRJ-0048,March,2026-03-15,10.28,10.78,42330.67,577003.84,46.95,2033-12-25,26.52
PRJ-0048,April,2026-04-15,15.41,9.54,37456.18,562035.8,43.13,2033-12-25,26.51
PRJ-0048,May,2026-05-15,20.55,32.79,128753.02,559098.04,42.39,2033-07-25,22.2
PRJ-0048,June,2026-06-15,25.69,27.73,108885.17,688137.67,75.25,2034-11-25,38.31
PRJ-0048,July,2026-07-15,30.83,33.12,130035.13,454871.3,15.84,2032-07-25,10.16
PRJ-0049,Feb,2026-02-15,1.37,0.0,0.0,783.77,65.12,2038-08-10,32.97
PRJ-0049,March,2026-03-15,2.73,3.95,18.76,778.48,64.01,2038-11-10,35.86
PRJ-0049,April,2026-04-15,4.1,8.66,41.1,762.98,60.74,2038-08-10,32.76
PRJ-0049,May,2026-05-15,5.46,7.51,35.63,741.04,56.12,2038-06-10,31.27
PRJ-0049,June,2026-06-15,6.83,5.5,26.09,999.03,110.47,2039-11-10,48.21
PRJ-0049,July,2026-07-15,8.19,7.81,37.09,589.99,24.3,2037-05-10,18.2
PRJ-0050,Feb,2026-02-15,9.82,7.58,93409.71,1220161.56,-0.99,2036-01-09,7.66
PRJ-0050,March,2026-03-15,19.64,17.49,215598.32,1201625.56,-2.5,2036-01-09,7.95
PRJ-0050,April,2026-04-15,29.46,34.03,419437.18,1158850.01,-5.97,2035-11-09,6.42
PRJ-0050,May,2026-05-15,39.29,41.46,510960.67,1111831.46,-9.78,2035-08-09,2.89
PRJ-0050,June,2026-06-15,49.11,49.1,605132.1,1453285.83,17.92,2036-01-09,7.91
PRJ-0050,July,2026-07-15,58.93,66.71,822085.18,961297.5,-22.0,2035-05-09,0.38
PRJ-0051,Feb,2026-02-15,1.28,0.03,8.86,24132.81,-11.02,2032-11-01,6.5
PRJ-0051,March,2026-03-15,2.56,7.27,1972.16,25082.55,-7.52,2033-04-01,11.17
PRJ-0051,April,2026-04-15,3.84,0.0,0.0,24419.76,-9.97,2032-10-01,4.52
PRJ-0051,May,2026-05-15,2.48,0.87,236.33,25316.19,-6.66,2033-01-01,7.87
PRJ-0051,June,2026-06-15,4.39,9.45,2563.73,32205.99,18.74,2033-11-01,18.08
PRJ-0051,July,2026-07-15,4.5,3.98,1078.32,21754.16,-19.79,2032-10-01,4.99
PRJ-0052,Feb,2026-02-15,10.39,9.21,105501.67,1248484.54,8.98,2031-04-10,8.86
PRJ-0052,March,2026-03-15,20.77,16.7,191345.04,1176901.39,2.73,2031-07-10,11.52
PRJ-0052,April,2026-04-15,31.16,31.9,365450.15,1193706.44,4.2,2031-09-10,13.63
PRJ-0052,May,2026-05-15,41.55,41.44,474744.74,1150200.76,0.4,2031-03-10,7.76
PRJ-0052,June,2026-06-15,51.94,52.05,596300.46,1701087.65,48.48,2032-03-10,19.54
PRJ-0052,July,2026-07-15,62.32,59.6,682767.41,903002.9,-21.18,2030-08-10,1.17
PRJ-0053,Feb,2026-02-15,13.04,14.31,167420.97,1496314.59,27.88,2036-09-17,18.63
PRJ-0053,March,2026-03-15,26.07,23.63,276521.45,1480425.96,26.53,2037-01-17,22.75
PRJ-0053,April,2026-04-15,39.11,45.29,529934.29,1464217.1,25.14,2036-06-17,15.71
PRJ-0053,May,2026-05-15,52.15,46.86,548308.05,1456424.04,24.47,2036-03-17,13.41
PRJ-0053,June,2026-06-15,65.18,71.53,836918.15,1610180.97,37.61,2036-08-17,17.79
PRJ-0053,July,2026-07-15,78.22,80.78,945214.68,1337497.88,14.31,2036-01-17,10.88
PRJ-0054,Feb,2026-02-15,6.15,9.43,177498.82,2622321.29,39.35,2036-06-17,24.36
PRJ-0054,March,2026-03-15,12.31,15.06,283395.7,2572716.23,36.71,2036-09-17,27.3
PRJ-0054,April,2026-04-15,18.46,17.4,327469.34,2466299.66,31.06,2036-02-17,19.73
PRJ-0054,May,2026-05-15,24.62,28.86,543075.43,2431492.56,29.21,2036-01-17,18.73
PRJ-0054,June,2026-06-15,30.77,40.21,756706.11,2756356.46,46.47,2036-06-17,23.86
PRJ-0054,July,2026-07-15,36.93,37.4,703821.18,2251501.5,19.64,2035-10-17,16.42
PRJ-0055,Feb,2026-02-15,5.94,11.94,71793.65,709202.0,17.95,2035-01-09,18.37
PRJ-0055,March,2026-03-15,11.87,11.19,67274.99,696514.77,15.84,2034-11-09,16.15
PRJ-0055,April,2026-04-15,17.81,12.37,74392.22,693566.11,15.35,2034-09-09,13.55
PRJ-0055,May,2026-05-15,23.74,23.34,140346.01,672979.28,11.92,2034-09-09,14.47
PRJ-0055,June,2026-06-15,29.68,31.1,187023.42,854929.01,42.18,2035-08-09,25.39
PRJ-0055,July,2026-07-15,35.61,36.17,217466.6,531087.74,-11.67,2033-10-09,3.45
PRJ-0056,Feb,2026-02-15,7.52,8.32,93528.0,1210004.34,7.69,2029-12-27,13.04
PRJ-0056,March,2026-03-15,15.04,17.13,192500.81,1204430.1,7.19,2030-01-27,14.49
PRJ-0056,April,2026-04-15,22.56,26.54,298261.31,1205566.25,7.29,2029-09-27,9.98
PRJ-0056,May,2026-05-15,30.08,29.78,334597.44,1145269.12,1.93,2029-07-27,8.16
PRJ-0056,June,2026-06-15,37.6,35.83,402651.83,1356676.68,20.74,2030-01-27,13.8
PRJ-0056,July,2026-07-15,45.12,43.86,492811.28,1028663.18,-8.45,2029-05-27,5.98
PRJ-0057,Feb,2026-02-15,1.62,4.7,5893.73,159438.04,27.27,2033-07-09,23.89
PRJ-0057,March,2026-03-15,1.38,1.35,1689.26,158670.89,26.66,2033-01-09,17.71
PRJ-0057,April,2026-04-15,4.87,9.06,11347.05,155522.41,24.15,2033-02-09,18.93
PRJ-0057,May,2026-05-15,0.51,1.43,1787.84,153071.81,22.19,2033-02-09,18.66
PRJ-0057,June,2026-06-15,6.62,9.57,11992.88,186190.9,48.63,2033-09-09,25.9
PRJ-0057,July,2026-07-15,5.12,5.73,7181.01,133828.46,6.83,2032-11-09,15.72
PRJ-0058,Feb,2026-02-15,0.98,4.1,11639.72,289503.59,2.07,2029-08-08,14.71
PRJ-0058,March,2026-03-15,1.96,2.14,6060.13,290565.92,2.44,2029-07-08,14.14
PRJ-0058,April,2026-04-15,2.94,0.0,0.0,290064.52,2.26,2029-04-08,10.81
PRJ-0058,May,2026-05-15,3.92,8.78,24897.33,289271.83,1.99,2029-08-08,15.46
PRJ-0058,June,2026-06-15,4.89,6.04,17143.14,361353.38,27.4,2030-03-08,22.5
PRJ-0058,July,2026-07-15,5.42,4.81,13646.44,252790.97,-10.88,2028-11-08,5.89
PRJ-0059,Feb,2026-02-15,15.21,17.43,18252.8,121716.97,16.25,2033-08-18,15.78
PRJ-0059,March,2026-03-15,30.41,27.51,28802.09,121505.12,16.05,2033-07-18,14.71
PRJ-0059,April,2026-04-15,45.62,42.94,44960.2,121129.85,15.69,2033-04-18,12.12
PRJ-0059,May,2026-05-15,60.83,58.72,61481.46,117782.33,12.49,2032-11-18,6.82
PRJ-0059,June,2026-06-15,76.03,80.3,84071.35,119450.72,14.09,2033-01-18,8.88
PRJ-0059,July,2026-07-15,91.24,90.48,94737.2,116207.77,10.99,2033-03-18,10.96
PRJ-0060,Feb,2026-02-15,13.52,20.63,2919.24,18875.65,33.39,2033-02-28,22.54
PRJ-0060,March,2026-03-15,27.05,23.41,3312.63,18577.39,31.28,2032-12-28,20.54
PRJ-0060,April,2026-04-15,40.57,38.14,5396.45,18062.69,27.65,2032-06-28,15.25
PRJ-0060,May,2026-05-15,54.09,53.04,7505.17,18345.9,29.65,2032-04-28,12.97
PRJ-0060,June,2026-06-15,67.61,67.41,9538.69,20922.92,47.86,2033-01-28,21.73
PRJ-0060,July,2026-07-15,81.14,83.84,11864.43,14994.43,5.96,2031-06-28,3.06
PRJ-0061,Feb,2026-02-15,10.7,13.45,1010.85,10463.66,39.22,2032-09-09,26.4
PRJ-0061,March,2026-03-15,21.39,24.5,1841.19,9973.07,32.69,2031-12-09,17.35
PRJ-0061,April,2026-04-15,32.09,32.79,2464.73,9690.9,28.94,2032-03-09,19.53
PRJ-0061,May,2026-05-15,42.78,38.83,2918.57,9261.39,23.22,2031-07-09,12.0
PRJ-0061,June,2026-06-15,53.48,55.73,4188.97,13939.79,85.47,2033-08-09,36.88
PRJ-0061,July,2026-07-15,64.17,60.25,4528.01,5347.84,-28.85,2030-07-09,0.0
PRJ-0062,Feb,2026-02-15,4.76,4.3,36183.66,774670.86,-7.99,2029-11-08,10.75
PRJ-0062,March,2026-03-15,9.52,8.7,73214.68,775291.09,-7.92,2029-10-08,10.14
PRJ-0062,April,2026-04-15,14.28,11.99,100931.2,786208.46,-6.62,2029-10-08,10.3
PRJ-0062,May,2026-05-15,19.04,23.46,197530.73,783026.9,-7.0,2029-08-08,8.12
PRJ-0062,June,2026-06-15,23.8,25.72,216572.65,778123.29,-7.58,2029-07-08,7.13
PRJ-0062,July,2026-07-15,28.57,26.37,222034.85,766351.51,-8.98,2029-06-08,5.51
PRJ-0063,Feb,2026-02-15,1.14,0.0,0.0,875616.74,12.34,2033-06-14,16.69
PRJ-0063,March,2026-03-15,2.28,0.0,0.0,880210.5,12.93,2033-05-14,16.13
PRJ-0063,April,2026-04-15,3.42,0.0,0.0,882937.27,13.28,2033-04-14,15.34
PRJ-0063,May,2026-05-15,3.9,0.0,0.0,883939.85,13.41,2033-07-14,17.97
PRJ-0063,June,2026-06-15,5.7,7.88,61441.06,963432.31,23.61,2033-11-14,21.77
PRJ-0063,July,2026-07-15,6.05,9.69,75502.6,782224.66,0.36,2032-10-14,9.1
PRJ-0064,Feb,2026-02-15,8.0,4.62,12467.96,296159.25,9.83,2035-11-26,11.78
PRJ-0064,March,2026-03-15,16.0,16.74,45143.94,293979.56,9.02,2036-03-26,15.54
PRJ-0064,April,2026-04-15,24.0,18.38,49552.35,284991.17,5.68,2035-12-26,13.04
PRJ-0064,May,2026-05-15,32.0,33.36,89967.9,280615.17,4.06,2035-07-26,8.29
PRJ-0064,June,2026-06-15,39.99,36.49,98393.53,354398.18,31.42,2036-05-26,17.52
PRJ-0064,July,2026-07-15,47.99,43.62,117637.49,233029.96,-13.58,2035-01-26,2.15
PRJ-0065,Feb,2026-02-15,2.25,0.0,0.0,26180.37,5.0,2033-04-07,15.64
PRJ-0065,March,2026-03-15,4.51,3.8,947.36,26391.64,5.84,2033-01-07,12.75
PRJ-0065,April,2026-04-15,6.76,2.24,557.54,25778.39,3.39,2033-02-07,14.3
PRJ-0065,May,2026-05-15,9.02,5.95,1484.44,25604.25,2.69,2032-11-07,11.06
PRJ-0065,June,2026-06-15,11.27,14.35,3577.5,31061.66,24.57,2033-06-07,18.13
PRJ-0065,July,2026-07-15,13.53,10.57,2634.54,24545.54,-1.56,2032-12-07,11.85
PRJ-0066,Feb,2026-02-15,8.77,6.79,82167.7,1347635.19,11.43,2036-12-06,16.06
PRJ-0066,March,2026-03-15,17.55,20.03,242214.05,1303224.49,7.76,2036-09-06,13.49
PRJ-0066,April,2026-04-15,26.32,24.55,296952.4,1291827.34,6.82,2036-08-06,11.53
PRJ-0066,May,2026-05-15,35.09,43.34,524147.23,1275160.73,5.44,2036-08-06,11.57
PRJ-0066,June,2026-06-15,43.87,56.22,679916.79,1509617.13,24.82,2036-12-06,16.46
PRJ-0066,July,2026-07-15,52.64,55.45,670666.47,1134121.22,-6.22,2035-09-06,1.49
PRJ-0067,Feb,2026-02-15,11.76,15.21,167604.49,1559689.34,41.58,2031-05-03,24.82
PRJ-0067,March,2026-03-15,23.52,28.06,309165.01,1472864.81,33.7,2031-03-03,22.52
PRJ-0067,April,2026-04-15,35.28,34.03,374908.28,1403233.24,27.38,2030-10-03,17.68
PRJ-0067,May,2026-05-15,47.05,50.69,558381.02,1388485.66,26.04,2030-08-03,16.04
PRJ-0067,June,2026-06-15,58.81,59.06,650672.25,2051362.92,86.21,2032-02-03,33.77
PRJ-0067,July,2026-07-15,70.57,70.64,778252.08,889756.05,-19.23,2029-04-03,0.0
PRJ-0068,Feb,2026-02-15,2.78,0.0,0.0,528057.47,36.15,2029-11-20,21.06
PRJ-0068,March,2026-03-15,5.57,8.62,33441.31,511828.37,31.96,2030-04-20,25.89
PRJ-0068,April,2026-04-15,8.35,2.48,9600.44,499353.49,28.75,2029-11-20,20.59
PRJ-0068,May,2026-05-15,11.13,11.84,45928.22,477954.81,23.23,2029-10-20,19.87
PRJ-0068,June,2026-06-15,13.91,14.17,54973.79,650522.55,67.72,2031-01-20,34.87
PRJ-0068,July,2026-07-15,16.7,13.47,52259.21,344632.4,-11.15,2028-07-20,5.41
PRJ-0069,Feb,2026-02-15,16.59,7.55,15606.87,309820.27,49.87,2035-06-20,27.9
PRJ-0069,March,2026-03-15,33.17,35.12,72592.79,294926.46,42.67,2034-10-20,20.39
PRJ-0069,April,2026-04-15,49.76,48.63,100523.46,285353.55,38.04,2034-10-20,19.95
PRJ-0069,May,2026-05-15,66.35,65.33,135043.3,265624.75,28.49,2034-01-20,10.94
PRJ-0069,June,2026-06-15,82.93,80.6,166613.4,333801.87,61.47,2035-02-20,23.55
PRJ-0069,July,2026-07-15,99.52,100.0,206725.05,191513.77,-7.36,2033-02-20,0.0
PRJ-0070,Feb,2026-02-15,4.22,0.0,0.0,201381.15,38.17,2036-09-13,21.4
PRJ-0070,March,2026-03-15,0.05,0.0,0.0,194651.62,33.55,2037-01-13,24.9
PRJ-0070,April,2026-04-15,2.31,0.0,0.0,188856.2,29.57,2036-10-13,21.55
PRJ-0070,May,2026-05-15,6.01,4.03,5878.53,175914.25,20.69,2036-07-13,19.32
PRJ-0070,June,2026-06-15,6.34,3.49,5089.64,265233.22,81.98,2038-06-13,42.03
PRJ-0070,July,2026-07-15,4.96,0.0,0.0,113060.2,-22.43,2035-05-13,4.97
PRJ-0071,Feb,2026-02-15,13.45,5.36,51008.04,1170487.8,23.04,2030-12-07,18.71
PRJ-0071,March,2026-03-15,26.9,22.48,213858.27,1182327.16,24.28,2030-10-07,17.4
PRJ-0071,April,2026-04-15,40.35,44.13,419847.72,1171377.06,23.13,2030-09-07,15.53
PRJ-0071,May,2026-05-15,53.81,53.84,512183.08,1185362.67,24.6,2030-07-07,13.92
PRJ-0071,June,2026-06-15,67.26,63.34,602615.26,1509154.71,58.63,2031-11-07,30.08
PRJ-0071,July,2026-07-15,80.71,82.23,782310.3,922038.55,-3.08,2029-07-07,2.29
PRJ-0072,Feb,2026-02-15,42.03,42.45,209176.85,515242.84,4.57,2036-01-03,6.0
PRJ-0072,March,2026-03-15,84.05,81.45,401292.56,517599.3,5.05,2035-11-03,3.88
PRJ-0072,April,2026-04-15,100.0,100.0,492706.43,508303.66,3.17,2035-12-03,5.07
PRJ-0072,May,2026-05-15,100.0,100.0,492706.43,499764.05,1.43,2035-07-03,0.0
PRJ-0072,June,2026-06-15,100.0,98.68,486223.99,685327.34,39.09,2036-08-03,12.84
PRJ-0072,July,2026-07-15,100.0,97.85,482097.49,418218.67,-15.12,2035-07-03,0.0
PRJ-0073,Feb,2026-02-15,38.06,39.0,524175.09,1659786.18,23.5,2032-03-04,13.77
PRJ-0073,March,2026-03-15,76.11,79.2,1064454.13,1642271.23,22.2,2031-12-04,10.84
PRJ-0073,April,2026-04-15,100.0,94.74,1273260.87,1582402.77,17.74,2031-04-04,3.45
PRJ-0073,May,2026-05-15,100.0,100.0,1343954.44,1588148.27,18.17,2031-10-04,9.08
PRJ-0073,June,2026-06-15,100.0,100.0,1343954.44,1700957.14,26.56,2031-12-04,11.17
PRJ-0073,July,2026-07-15,100.0,98.79,1327654.87,1354515.39,0.79,2031-03-04,2.47
PRJ-0074,Feb,2026-02-15,17.93,18.01,56051.62,347710.86,11.71,2034-01-24,12.95
PRJ-0074,March,2026-03-15,35.87,39.77,123781.7,343495.85,10.35,2034-02-24,13.94
PRJ-0074,April,2026-04-15,53.8,58.13,180931.85,334202.91,7.37,2033-10-24,9.59
PRJ-0074,May,2026-05-15,71.73,72.09,224404.84,322706.79,3.67,2033-04-24,4.2
PRJ-0074,June,2026-06-15,89.67,85.85,267218.51,465844.01,49.66,2034-06-24,18.06
PRJ-0074,July,2026-07-15,100.0,100.0,311271.9,225073.86,-27.69,2032-12-24,0.0
PRJ-0075,Feb,2026-02-15,18.06,20.6,203958.78,1261029.05,27.39,2030-02-20,17.04
PRJ-0075,March,2026-03-15,36.12,42.72,422821.98,1220572.5,23.31,2029-12-20,15.46
PRJ-0075,April,2026-04-15,54.18,56.37,557962.31,1200514.53,21.28,2029-08-20,10.87
PRJ-0075,May,2026-05-15,72.25,66.67,659942.92,1175679.02,18.77,2029-06-20,8.65
PRJ-0075,June,2026-06-15,90.31,91.73,908039.71,1745786.18,76.37,2030-12-20,27.28
PRJ-0075,July,2026-07-15,100.0,99.76,987485.79,884592.51,-10.64,2028-09-20,0.0
PRJ-0076,Feb,2026-02-15,0.14,0.0,0.0,33494.72,33.56,2031-08-24,26.35
PRJ-0076,March,2026-03-15,0.27,2.16,540.43,32481.96,29.53,2031-02-24,19.63
PRJ-0076,April,2026-04-15,0.41,0.0,0.0,32107.71,28.03,2031-05-24,23.49
PRJ-0076,May,2026-05-15,0.54,1.25,313.03,30619.04,22.1,2031-02-24,20.37
PRJ-0076,June,2026-06-15,0.68,2.29,575.09,36681.6,46.27,2031-10-24,27.58
PRJ-0076,July,2026-07-15,0.81,7.23,1813.62,25916.7,3.35,2030-09-24,15.17
PRJ-0077,Feb,2026-02-15,24.67,28.38,270053.29,1165589.48,22.48,2031-12-22,16.4
PRJ-0077,March,2026-03-15,49.34,50.98,485140.27,1158725.14,21.76,2031-11-22,14.86
PRJ-0077,April,2026-04-15,74.01,76.88,731635.0,1122421.23,17.94,2031-06-22,9.63
PRJ-0077,May,2026-05-15,98.68,98.0,932618.58,1088832.21,14.41,2031-04-22,7.97
PRJ-0077,June,2026-06-15,100.0,100.0,951658.59,1438637.82,51.17,2031-12-22,15.53
PRJ-0077,July,2026-07-15,100.0,100.0,951658.59,883183.78,-7.2,2030-08-22,0.0
PRJ-0078,Feb,2026-02-15,9.04,10.39,101588.75,1308616.59,33.9,2031-02-04,23.15
PRJ-0078,March,2026-03-15,18.07,12.72,124336.03,1320856.75,35.15,2031-02-04,23.43
PRJ-0078,April,2026-04-15,27.11,27.42,268001.35,1318782.96,34.94,2030-12-04,20.85
PRJ-0078,May,2026-05-15,36.15,44.27,432693.9,1268816.26,29.83,2030-07-04,16.06
PRJ-0078,June,2026-06-15,45.18,41.98,410297.58,1502799.57,53.77,2031-03-04,24.3
PRJ-0078,July,2026-07-15,54.22,59.61,582538.52,984944.76,0.78,2029-12-04,9.37
PRJ-0079,Feb,2026-02-15,14.36,19.94,398887.72,2079057.23,3.95,2037-04-17,13.6
PRJ-0079,March,2026-03-15,28.72,23.16,463238.92,2186144.36,9.31,2037-05-17,14.73
PRJ-0079,April,2026-04-15,43.08,46.3,926089.19,2093463.08,4.67,2036-07-17,5.17
PRJ-0079,May,2026-05-15,57.44,60.59,1211722.91,2114072.16,5.7,2036-09-17,7.03
PRJ-0079,June,2026-06-15,71.8,68.74,1374762.34,2568669.89,28.43,2037-02-17,12.18
PRJ-0079,July,2026-07-15,86.16,78.75,1574984.12,1800669.08,-9.97,2036-02-17,0.0
PRJ-0080,Feb,2026-02-15,3.27,0.0,0.0,399511.41,7.59,2034-02-12,16.37
PRJ-0080,March,2026-03-15,6.54,14.62,54304.25,399392.14,7.56,2033-12-12,13.95
PRJ-0080,April,2026-04-15,9.8,14.71,54629.31,391321.65,5.39,2033-12-12,13.97
PRJ-0080,May,2026-05-15,13.07,17.84,66224.93,394709.3,6.3,2033-09-12,11.33
PRJ-0080,June,2026-06-15,16.34,15.66,58130.33,494402.03,33.15,2034-05-12,19.06
PRJ-0080,July,2026-07-15,19.61,24.95,92660.84,333831.08,-10.09,2033-05-12,6.59
PRJ-0081,Feb,2026-02-15,13.2,7.29,1129.15,16722.52,7.95,2033-10-13,16.05
PRJ-0081,March,2026-03-15,26.4,31.87,4936.29,16327.52,5.4,2033-05-13,10.83
PRJ-0081,April,2026-04-15,39.6,40.62,6292.59,16485.31,6.42,2033-05-13,11.2
PRJ-0081,May,2026-05-15,52.79,55.29,8564.26,15966.34,3.07,2033-01-13,7.44
PRJ-0081,June,2026-06-15,65.99,73.65,11409.4,18650.83,20.4,2033-03-13,9.41
PRJ-0081,July,2026-07-15,79.19,79.25,12276.3,14012.19,-9.54,2032-06-13,0.0
PRJ-0082,Feb,2026-02-15,13.5,6.57,8906.24,170203.26,25.48,2034-07-06,19.57
PRJ-0082,March,2026-03-15,27.01,29.11,39491.15,169779.57,25.16,2034-06-06,18.7
PRJ-0082,April,2026-04-15,40.51,35.07,47565.46,161290.62,18.91,2034-05-06,17.7
PRJ-0082,May,2026-05-15,54.01,56.46,76581.08,159538.39,17.61,2033-09-06,10.31
PRJ-0082,June,2026-06-15,67.52,64.98,88147.54,206083.61,51.93,2034-10-06,23.2
PRJ-0082,July,2026-07-15,81.02,79.23,107467.82,129800.51,-4.31,2032-11-06,0.0
PRJ-0083,Feb,2026-02-15,38.84,38.5,639823.05,2417004.33,45.43,2029-10-24,19.36
PRJ-0083,March,2026-03-15,77.68,82.81,1376309.52,2282229.16,37.32,2029-05-24,14.16
PRJ-0083,April,2026-04-15,100.0,99.34,1651004.7,2213859.93,33.2,2028-12-24,9.5
PRJ-0083,May,2026-05-15,100.0,99.8,1658661.71,2116807.17,27.36,2028-11-24,7.79
PRJ-0083,June,2026-06-15,100.0,96.88,1610083.14,3189730.86,91.92,2030-12-24,33.22
PRJ-0083,July,2026-07-15,100.0,99.29,1650145.67,1317829.05,-20.71,2028-03-24,0.0
PRJ-0084,Feb,2026-02-15,18.22,15.1,172510.43,1230045.42,7.65,2031-01-22,10.77
PRJ-0084,March,2026-03-15,36.45,38.23,436822.78,1219626.97,6.74,2031-01-22,10.89
PRJ-0084,April,2026-04-15,54.67,54.86,626841.03,1189009.2,4.06,2030-10-22,8.25
PRJ-0084,May,2026-05-15,72.9,76.54,874621.11,1170125.56,2.4,2030-06-22,3.89
PRJ-0084,June,2026-06-15,91.12,92.04,1051657.5,1487106.19,30.14,2031-03-22,12.88
PRJ-0084,July,2026-07-15,100.0,100.0,1142655.01,964185.06,-15.62,2030-02-22,0.0
PRJ-0085,Feb,2026-02-15,16.05,22.22,74891.54,461873.04,37.06,2035-05-21,21.7
PRJ-0085,March,2026-03-15,32.09,25.74,86750.14,461139.36,36.85,2035-03-21,19.53
PRJ-0085,April,2026-04-15,48.14,50.67,170737.94,454005.22,34.73,2035-07-21,23.98
PRJ-0085,May,2026-05-15,64.19,57.52,193829.64,460261.35,36.59,2035-02-21,18.9
PRJ-0085,June,2026-06-15,80.23,85.43,287883.63,497147.07,47.53,2035-01-21,18.44
PRJ-0085,July,2026-07-15,96.28,95.57,322045.05,435250.95,29.16,2034-07-21,12.17
PRJ-0086,Feb,2026-02-15,15.01,16.6,140427.2,977517.11,15.56,2037-01-01,12.07
PRJ-0086,March,2026-03-15,30.02,33.06,279681.0,959379.37,13.41,2037-03-01,13.7
PRJ-0086,April,2026-04-15,45.04,44.78,378777.55,944098.6,11.61,2037-02-01,13.0
PRJ-0086,May,2026-05-15,60.05,61.83,523067.41,921397.61,8.92,2036-11-01,9.77
PRJ-0086,June,2026-06-15,75.06,73.3,620094.03,1306825.33,54.48,2037-08-01,19.37
PRJ-0086,July,2026-07-15,90.07,92.26,780435.03,673742.82,-20.35,2036-01-01,0.0
PRJ-0087,Feb,2026-02-15,5.89,0.0,0.0,808448.79,20.8,2035-12-22,16.68
PRJ-0087,March,2026-03-15,11.78,19.08,127675.86,807887.22,20.72,2035-10-22,15.41
PRJ-0087,April,2026-04-15,17.67,17.84,119377.99,780465.93,16.62,2036-02-22,19.26
PRJ-0087,May,2026-05-15,23.56,21.65,144883.37,769012.74,14.91,2035-12-22,17.49
PRJ-0087,June,2026-06-15,29.45,32.33,216394.69,838302.39,25.26,2035-09-22,14.35
PRJ-0087,July,2026-07-15,35.33,28.7,192047.36,707695.98,5.75,2035-03-22,7.66
PRJ-0088,Feb,2026-02-15,3.1,7.03,77289.37,1513457.46,37.76,2036-12-11,19.59
PRJ-0088,March,2026-03-15,6.21,6.84,75179.77,1467621.85,33.58,2037-03-11,22.81
PRJ-0088,April,2026-04-15,9.31,10.38,114039.51,1454308.89,32.37,2037-02-11,21.6
PRJ-0088,May,2026-05-15,12.41,11.43,125587.39,1411675.01,28.49,2037-03-11,22.78
PRJ-0088,June,2026-06-15,15.52,15.27,167710.17,1587237.41,44.47,2037-06-11,26.07
PRJ-0088,July,2026-07-15,18.62,17.42,191366.96,1135708.55,3.37,2036-05-11,12.86
PRJ-0089,Feb,2026-02-15,9.72,10.65,53129.08,604646.51,21.19,2037-06-10,18.72
PRJ-0089,March,2026-03-15,19.45,15.58,77730.07,581029.43,16.46,2037-07-10,19.71
PRJ-0089,April,2026-04-15,29.17,26.08,130094.98,578587.18,15.97,2037-04-10,16.95
PRJ-0089,May,2026-05-15,38.9,41.21,205613.66,567814.9,13.81,2036-11-10,11.89
PRJ-0089,June,2026-06-15,48.62,47.95,239210.24,681289.89,36.55,2037-03-10,16.19
PRJ-0089,July,2026-07-15,58.35,59.53,297021.32,474851.66,-4.82,2036-06-10,7.01
PRJ-0090,Feb,2026-02-15,27.3,29.67,141582.6,656078.45,37.47,2033-07-12,20.35
PRJ-0090,March,2026-03-15,54.6,53.21,253946.14,631242.25,32.27,2033-04-12,16.92
PRJ-0090,April,2026-04-15,81.9,77.31,368957.22,579639.73,21.45,2032-09-12,9.7
PRJ-0090,May,2026-05-15,100.0,100.0,477254.08,566039.05,18.6,2032-03-12,4.08
PRJ-0090,June,2026-06-15,100.0,95.26,454655.93,761588.05,59.58,2033-11-12,24.14
PRJ-0090,July,2026-07-15,100.0,95.63,456397.04,385271.25,-19.27,2031-11-12,0.0
PRJ-0091,Feb,2026-02-15,3.9,0.0,0.0,41801.91,33.68,2034-01-27,20.76
PRJ-0091,March,2026-03-15,7.81,3.31,1036.04,41776.63,33.59,2034-03-27,23.46
PRJ-0091,April,2026-04-15,11.71,12.89,4032.17,40488.2,29.47,2033-12-27,19.93
PRJ-0091,May,2026-05-15,15.61,16.91,5286.85,40975.99,31.03,2034-03-27,23.46
PRJ-0091,June,2026-06-15,19.51,19.74,6172.63,47464.0,51.78,2034-06-27,25.82
PRJ-0091,July,2026-07-15,23.42,22.37,6995.04,34685.07,10.92,2033-04-27,11.56
PRJ-0092,Feb,2026-02-15,11.61,6.14,651.9,10882.97,2.45,2033-12-25,15.05
PRJ-0092,March,2026-03-15,23.22,24.5,2602.88,10737.22,1.08,2033-08-25,10.88
PRJ-0092,April,2026-04-15,34.83,28.74,3052.84,10620.99,-0.02,2033-04-25,7.35
PRJ-0092,May,2026-05-15,46.44,56.22,5972.38,9905.64,-6.75,2032-10-25,0.88
PRJ-0092,June,2026-06-15,58.05,53.88,5723.99,12583.03,18.45,2033-05-25,8.5
PRJ-0092,July,2026-07-15,69.66,79.35,8428.7,8474.38,-20.22,2032-09-25,0.0
PRJ-0093,Feb,2026-02-15,1.75,3.33,66560.88,2242831.99,12.14,2035-12-13,16.69
PRJ-0093,March,2026-03-15,3.49,0.0,0.0,2197131.69,9.86,2035-11-13,16.36
PRJ-0093,April,2026-04-15,5.24,8.8,175909.68,2158601.42,7.93,2035-11-13,15.73
PRJ-0093,May,2026-05-15,6.99,1.25,25050.32,2060481.89,3.02,2035-06-13,10.71
PRJ-0093,June,2026-06-15,8.74,11.76,235155.27,2346666.22,17.33,2036-01-13,17.72
PRJ-0093,July,2026-07-15,10.48,12.07,241401.1,1854921.48,-7.25,2035-04-13,8.62
PRJ-0094,Feb,2026-02-15,14.02,10.67,251.84,3077.44,30.42,2030-02-27,22.37
PRJ-0094,March,2026-03-15,28.05,27.85,657.06,3080.34,30.55,2030-02-27,21.94
PRJ-0094,April,2026-04-15,42.07,41.85,987.52,2912.6,23.44,2029-07-27,15.07
PRJ-0094,May,2026-05-15,56.1,65.63,1548.66,2898.87,22.86,2029-05-27,13.14
PRJ-0094,June,2026-06-15,70.12,70.23,1657.03,4252.84,80.24,2030-08-27,27.66
PRJ-0094,July,2026-07-15,84.15,88.08,2078.3,2213.52,-6.19,2028-04-27,0.0
PRJ-0095,Feb,2026-02-15,15.42,12.2,129411.63,1602549.5,51.12,2037-06-16,26.05
PRJ-0095,March,2026-03-15,30.84,28.37,300827.15,1549373.1,46.11,2037-02-16,22.37
PRJ-0095,April,2026-04-15,46.26,47.14,499871.9,1494465.0,40.93,2037-01-16,21.24
PRJ-0095,May,2026-05-15,61.68,59.01,625737.79,1505886.67,42.01,2036-12-16,19.89
PRJ-0095,June,2026-06-15,77.1,76.09,806841.73,1642375.53,54.88,2037-03-16,23.44
PRJ-0095,July,2026-07-15,92.52,93.83,995018.71,1163292.92,9.7,2035-08-16,3.78
PRJ-0096,Feb,2026-02-15,1.72,6.51,50433.33,859819.34,10.98,2033-12-15,13.82
PRJ-0096,March,2026-03-15,3.45,0.0,0.0,849588.75,9.66,2033-12-15,14.36
PRJ-0096,April,2026-04-15,5.17,7.58,58699.58,829650.76,7.08,2033-11-15,12.5
PRJ-0096,May,2026-05-15,6.89,5.91,45779.96,841658.64,8.63,2033-11-15,12.9
PRJ-0096,June,2026-06-15,8.61,9.63,74590.87,897767.4,15.87,2034-04-15,18.31
PRJ-0096,July,2026-07-15,10.34,19.29,149475.99,765529.02,-1.19,2033-11-15,13.2
PRJ-0097,Feb,2026-02-15,31.95,32.98,180345.56,747949.31,36.76,2033-09-22,22.41
PRJ-0097,March,2026-03-15,63.9,64.58,353210.38,745060.23,36.23,2033-04-22,16.79
PRJ-0097,April,2026-04-15,95.85,99.72,545371.91,730074.72,33.49,2032-11-22,11.58
PRJ-0097,May,2026-05-15,100.0,100.0,546897.42,695991.23,27.26,2032-09-22,10.27
PRJ-0097,June,2026-06-15,100.0,93.83,513154.19,872542.79,59.54,2033-06-22,19.07
PRJ-0097,July,2026-07-15,100.0,97.42,532813.19,570757.37,4.36,2032-02-22,2.8
PRJ-0098,Feb,2026-02-15,16.54,18.92,1522.33,10503.58,30.54,2030-09-01,19.25
PRJ-0098,March,2026-03-15,33.08,41.87,3369.4,10376.99,28.96,2030-08-01,18.13
PRJ-0098,April,2026-04-15,49.62,48.92,3936.58,10196.41,26.72,2030-06-01,15.58
PRJ-0098,May,2026-05-15,66.16,66.03,5313.25,10193.26,26.68,2030-01-01,10.51
PRJ-0098,June,2026-06-15,82.7,82.1,6606.11,10963.56,36.25,2030-04-01,14.43
PRJ-0098,July,2026-07-15,99.24,98.53,7928.03,9465.9,17.64,2029-08-01,6.39
PRJ-0099,Feb,2026-02-15,1.91,2.89,13151.49,491545.18,8.18,2037-03-17,16.76
PRJ-0099,March,2026-03-15,2.0,0.0,0.0,493464.15,8.6,2037-01-17,15.13
PRJ-0099,April,2026-04-15,4.3,1.01,4571.98,505140.84,11.17,2037-01-17,15.24
PRJ-0099,May,2026-05-15,3.5,0.0,0.0,503720.78,10.86,2037-01-17,14.94
PRJ-0099,June,2026-06-15,3.79,3.15,14315.95,505424.38,11.24,2037-04-17,18.31
PRJ-0099,July,2026-07-15,4.65,1.35,6127.13,487094.41,7.2,2036-07-17,8.74
PRJ-0100,Feb,2026-02-15,24.39,22.9,103488.78,538587.69,19.19,2036-09-14,17.84
PRJ-0100,March,2026-03-15,48.77,45.5,205585.03,520012.68,15.08,2035-11-14,7.99
PRJ-0100,April,2026-04-15,73.16,76.17,344202.19,499242.0,10.49,2036-02-14,11.44
PRJ-0100,May,2026-05-15,97.54,94.48,426916.33,484527.91,7.23,2035-03-14,0.46
PRJ-0100,June,2026-06-15,100.0,92.94,419969.14,835444.45,84.89,2037-10-14,30.81
PRJ-0100,July,2026-07-15,100.0,100.0,451863.78,332729.86,-26.37,2035-03-14,0.0
PRJ-0101,Feb,2026-02-15,1.93,0.0,0.0,781973.0,42.96,2034-09-01,29.36
PRJ-0101,March,2026-03-15,3.85,3.97,21725.52,769712.05,40.72,2034-07-01,26.91
PRJ-0101,April,2026-04-15,5.78,3.21,17545.46,743355.03,35.9,2034-05-01,24.97
PRJ-0101,May,2026-05-15,7.71,5.27,28826.33,693463.26,26.78,2034-03-01,22.7
PRJ-0101,June,2026-06-15,9.63,6.81,37226.88,915934.89,67.45,2035-01-01,32.99
PRJ-0101,July,2026-07-15,11.56,14.49,79248.0,533327.94,-2.5,2032-12-01,7.74
PRJ-0102,Feb,2026-02-15,0.6,0.0,0.0,430537.47,28.92,2034-01-25,24.82
PRJ-0102,March,2026-03-15,1.2,0.0,0.0,424165.04,27.01,2033-10-25,21.92
PRJ-0102,April,2026-04-15,1.8,15.61,52135.51,409766.61,22.7,2033-08-25,20.3
PRJ-0102,May,2026-05-15,1.41,7.09,23683.34,395867.69,18.54,2033-03-25,14.64
PRJ-0102,June,2026-06-15,2.99,10.97,36634.73,666011.62,99.43,2035-10-25,46.21
PRJ-0102,July,2026-07-15,2.05,0.46,1544.79,261778.86,-21.61,2032-07-25,7.1
PRJ-0103,Feb,2026-02-15,2.96,7.17,6536.96,133287.06,46.22,2031-05-09,28.74
PRJ-0103,March,2026-03-15,5.92,0.61,557.7,128730.87,41.23,2031-03-09,26.78
PRJ-0103,April,2026-04-15,8.89,7.98,7276.75,128404.3,40.87,2031-02-09,25.85
PRJ-0103,May,2026-05-15,11.85,7.75,7064.37,127861.86,40.27,2030-12-09,24.49
PRJ-0103,June,2026-06-15,14.81,19.05,17369.04,148459.98,62.87,2031-09-09,33.44
PRJ-0103,July,2026-07-15,17.77,14.79,13477.68,121507.83,33.3,2030-07-09,19.38
PRJ-0104,Feb,2026-02-15,8.24,8.55,43893.48,779087.27,51.84,2037-05-10,26.32
PRJ-0104,March,2026-03-15,16.48,16.36,83941.34,770156.73,50.1,2037-07-10,28.33
PRJ-0104,April,2026-04-15,24.71,23.24,119258.48,737170.81,43.67,2037-02-10,22.86
PRJ-0104,May,2026-05-15,32.95,36.96,189660.44,732307.26,42.72,2037-04-10,24.64
PRJ-0104,June,2026-06-15,41.19,37.18,190746.28,838754.13,63.47,2037-11-10,31.83
PRJ-0104,July,2026-07-15,49.43,50.56,259420.18,552572.25,7.69,2035-08-10,5.48
PRJ-0105,Feb,2026-02-15,23.13,28.69,537819.16,2612181.0,39.33,2037-08-07,22.47
PRJ-0105,March,2026-03-15,46.25,49.81,933791.59,2468797.35,31.68,2037-06-07,19.78
PRJ-0105,April,2026-04-15,69.38,69.52,1303390.16,2368323.45,26.32,2036-11-07,13.49
PRJ-0105,May,2026-05-15,92.51,91.98,1724455.92,2334139.38,24.5,2036-07-07,9.23
PRJ-0105,June,2026-06-15,100.0,100.0,1874876.65,2944425.02,57.05,2037-07-07,20.92
PRJ-0105,July,2026-07-15,100.0,98.45,1845895.12,1760599.7,-6.1,2035-11-07,1.11
PRJ-0106,Feb,2026-02-15,0.47,6.1,36479.93,781429.17,30.7,2034-08-12,25.15
PRJ-0106,March,2026-03-15,1.04,1.85,11077.76,777585.08,30.05,2034-06-12,22.85
PRJ-0106,April,2026-04-15,1.55,4.12,24610.76,742412.28,24.17,2034-03-12,20.34
PRJ-0106,May,2026-05-15,2.07,0.0,0.0,711686.28,19.03,2033-12-12,16.91
PRJ-0106,June,2026-06-15,0.81,0.71,4223.04,1070830.24,79.1,2035-11-12,40.02
PRJ-0106,July,2026-07-15,3.11,0.6,3569.24,477303.55,-20.17,2033-02-12,7.5
PRJ-0107,Feb,2026-02-15,13.6,6.65,52951.64,1048297.25,31.63,2034-06-03,23.67
PRJ-0107,March,2026-03-15,27.2,25.72,204830.03,1030241.29,29.36,2034-02-03,19.6
PRJ-0107,April,2026-04-15,40.8,38.93,310029.1,998385.24,25.36,2033-12-03,17.72
PRJ-0107,May,2026-05-15,54.39,52.48,417984.42,963054.63,20.92,2033-05-03,11.2
PRJ-0107,June,2026-06-15,67.99,72.62,578387.75,1235833.6,55.18,2034-05-03,22.78
PRJ-0107,July,2026-07-15,81.59,77.26,615307.49,720931.38,-9.48,2032-06-03,0.0
PRJ-0108,Feb,2026-02-15,16.68,12.85,158066.84,1278021.45,3.88,2036-02-24,14.17
PRJ-0108,March,2026-03-15,33.36,36.56,449726.0,1233625.48,0.28,2035-07-24,7.17
PRJ-0108,April,2026-04-15,50.05,56.82,698973.51,1265591.31,2.87,2035-06-24,5.57
PRJ-0108,May,2026-05-15,66.73,66.21,814511.19,1249968.63,1.6,2035-05-24,5.38
PRJ-0108,June,2026-06-15,83.41,77.12,948711.25,1584022.58,28.76,2035-10-24,10.32
PRJ-0108,July,2026-07-15,100.0,100.0,1230232.73,1125809.36,-8.49,2034-12-24,0.0
PRJ-0109,Feb,2026-02-15,15.05,12.16,2619.19,25425.44,18.09,2032-05-02,15.34
PRJ-0109,March,2026-03-15,30.11,30.11,6482.85,24750.99,14.96,2032-04-02,14.14
PRJ-0109,April,2026-04-15,45.16,46.51,10013.51,25240.73,17.23,2031-10-02,7.86
PRJ-0109,May,2026-05-15,60.22,60.37,12997.85,24365.51,13.17,2031-11-02,9.47
PRJ-0109,June,2026-06-15,75.27,75.16,16181.83,28565.11,32.67,2032-04-02,14.3
PRJ-0109,July,2026-07-15,90.33,88.16,18980.98,22346.46,3.79,2031-03-02,0.59
PRJ-0110,Feb,2026-02-15,9.25,7.48,13035.31,219358.24,25.8,2031-08-21,22.01
PRJ-0110,March,2026-03-15,18.49,20.76,36207.67,219477.64,25.87,2031-01-21,15.29
PRJ-0110,April,2026-04-15,27.74,22.97,40051.29,209647.69,20.23,2031-05-21,18.81
PRJ-0110,May,2026-05-15,36.98,39.29,68512.96,202814.78,16.31,2030-10-21,11.56
PRJ-0110,June,2026-06-15,46.23,44.34,77322.99,273149.36,56.65,2031-12-21,26.34
PRJ-0110,July,2026-07-15,55.47,47.32,82509.99,145058.98,-16.81,2029-12-21,1.7
PRJ-0111,Feb,2026-02-15,9.35,10.98,68670.53,804609.56,28.69,2030-09-19,21.96
PRJ-0111,March,2026-03-15,18.71,14.12,88269.35,805674.57,28.86,2030-07-19,20.03
PRJ-0111,April,2026-04-15,28.06,23.96,149775.87,773413.35,23.7,2030-02-19,15.43
PRJ-0111,May,2026-05-15,37.42,35.97,224885.96,785049.53,25.56,2030-03-19,15.56
PRJ-0111,June,2026-06-15,46.77,48.18,301257.85,1001037.88,60.11,2031-03-19,28.1
PRJ-0111,July,2026-07-15,56.13,53.74,336017.09,591082.89,-5.46,2028-11-19,0.0
PRJ-0112,Feb,2026-02-15,10.98,8.62,140298.12,1905628.38,17.11,2032-08-04,14.4
PRJ-0112,March,2026-03-15,21.96,25.47,414383.83,1961164.66,20.52,2032-06-04,12.14
PRJ-0112,April,2026-04-15,32.94,32.41,527466.43,1856420.99,14.08,2032-06-04,12.03
PRJ-0112,May,2026-05-15,43.93,51.7,841359.43,1836613.98,12.87,2032-06-04,11.86
PRJ-0112,June,2026-06-15,54.91,52.14,848424.67,2429601.66,49.31,2033-06-04,24.11
PRJ-0112,July,2026-07-15,65.89,64.75,1053718.81,1510411.56,-7.18,2031-09-04,2.8
PRJ-0113,Feb,2026-02-15,4.09,0.0,0.0,1510299.09,52.06,2037-06-10,30.23
PRJ-0113,March,2026-03-15,8.17,6.31,62707.44,1487239.07,49.74,2037-02-10,26.4
PRJ-0113,April,2026-04-15,12.26,12.06,119810.18,1426151.68,43.59,2037-01-10,24.86
PRJ-0113,May,2026-05-15,16.34,22.53,223777.79,1401749.25,41.13,2036-12-10,24.27
PRJ-0113,June,2026-06-15,20.43,18.3,181708.9,1650829.29,66.21,2037-09-10,33.21
PRJ-0113,July,2026-07-15,24.51,17.72,176029.67,1185172.52,19.33,2036-07-10,18.68
PRJ-0114,Feb,2026-02-15,5.08,6.33,63879.08,1232267.5,22.07,2031-09-01,19.85
PRJ-0114,March,2026-03-15,10.17,14.79,149300.52,1224953.5,21.35,2031-09-01,19.78
PRJ-0114,April,2026-04-15,15.25,12.46,125825.47,1173424.51,16.25,2031-03-01,13.85
PRJ-0114,May,2026-05-15,20.33,21.01,212110.96,1197637.61,18.64,2031-02-01,13.3
PRJ-0114,June,2026-06-15,25.41,19.44,196196.86,1292958.06,28.09,2031-08-01,18.67
PRJ-0114,July,2026-07-15,30.5,32.61,329183.45,1077139.59,6.71,2030-12-01,11.44
PRJ-0115,Feb,2026-02-15,1.03,2.72,2392.36,121445.08,38.18,2036-06-12,25.28
PRJ-0115,March,2026-03-15,2.05,2.08,1825.47,126529.24,43.97,2036-07-12,25.6
PRJ-0115,April,2026-04-15,3.08,0.0,0.0,125925.25,43.28,2036-09-12,27.59
PRJ-0115,May,2026-05-15,2.02,11.89,10454.13,128141.19,45.8,2036-08-12,26.54
PRJ-0115,June,2026-06-15,5.13,2.82,2480.4,128139.67,45.8,2036-09-12,27.84
PRJ-0115,July,2026-07-15,2.27,2.06,1807.48,127561.94,45.14,2036-11-12,29.7
PRJ-0116,Feb,2026-02-15,6.9,3.63,34440.97,1155293.11,21.8,2034-01-06,19.4
PRJ-0116,March,2026-03-15,13.8,20.94,198623.6,1088045.41,14.71,2033-11-06,17.27
PRJ-0116,April,2026-04-15,20.7,22.75,215763.2,1066995.86,12.49,2033-08-06,14.4
PRJ-0116,May,2026-05-15,27.6,30.63,290518.56,1040709.42,9.72,2033-07-06,12.87
PRJ-0116,June,2026-06-15,34.5,34.33,325601.66,1304217.36,37.5,2034-04-06,21.85
PRJ-0116,July,2026-07-15,41.39,41.63,394872.53,882457.79,-6.96,2032-09-06,3.31
PRJ-0117,Feb,2026-02-15,11.1,8.16,91501.21,1569605.53,40.03,2037-09-11,22.74
PRJ-0117,March,2026-03-15,22.21,16.72,187372.76,1555449.21,38.77,2037-08-11,21.95
PRJ-0117,April,2026-04-15,33.31,34.27,384179.85,1415760.95,26.31,2037-02-11,16.21
PRJ-0117,May,2026-05-15,44.42,48.76,546540.82,1384790.25,23.55,2036-10-11,12.3
PRJ-0117,June,2026-06-15,55.52,52.72,590902.93,1878022.31,67.55,2038-06-11,32.18
PRJ-0117,July,2026-07-15,66.63,62.59,701605.07,1048678.86,-6.44,2035-10-11,0.0
PRJ-0118,Feb,2026-02-15,2.22,6.04,95745.99,1718209.07,8.36,2033-11-11,16.28
PRJ-0118,March,2026-03-15,4.44,3.28,52073.26,1707241.99,7.67,2033-06-11,10.67
PRJ-0118,April,2026-04-15,6.66,7.93,125787.72,1680488.51,5.98,2033-08-11,13.02
PRJ-0118,May,2026-05-15,8.88,13.04,206709.14,1703703.32,7.45,2033-06-11,11.17
PRJ-0118,June,2026-06-15,11.1,11.85,187961.92,1877221.84,18.39,2033-11-11,15.7
PRJ-0118,July,2026-07-15,13.32,16.95,268818.73,1622156.94,2.3,2033-07-11,11.79
PRJ-0119,Feb,2026-02-15,0.62,2.88,35708.08,1484926.63,19.92,2030-08-03,18.94
PRJ-0119,March,2026-03-15,1.25,6.22,77033.63,1435350.85,15.91,2030-07-03,17.69
PRJ-0119,April,2026-04-15,1.87,5.85,72492.6,1448353.99,16.96,2030-05-03,16.36
PRJ-0119,May,2026-05-15,1.72,3.15,39056.35,1449525.64,17.06,2030-10-03,21.33
PRJ-0119,June,2026-06-15,2.48,3.92,48527.51,1918198.16,54.91,2031-09-03,31.84
PRJ-0119,July,2026-07-15,3.71,0.0,0.0,1152548.25,-6.93,2029-11-03,10.42
PRJ-0120,Feb,2026-02-15,8.09,8.8,49693.18,745836.14,32.15,2033-11-24,23.57
PRJ-0120,March,2026-03-15,16.18,15.77,88993.13,759195.92,34.51,2033-12-24,25.42
PRJ-0120,April,2026-04-15,24.27,26.02,146844.49,742478.5,31.55,2033-09-24,22.22
PRJ-0120,May,2026-05-15,32.36,28.76,162344.66,718540.97,27.31,2032-12-24,12.8
PRJ-0120,June,2026-06-15,40.45,43.49,245451.74,903235.59,60.04,2034-02-24,27.45
PRJ-0120,July,2026-07-15,48.53,49.13,277284.95,597372.49,5.84,2032-10-24,10.8
PRJ-0121,Feb,2026-02-15,44.14,42.31,155000.44,479117.61,30.77,2037-08-24,19.17
PRJ-0121,March,2026-03-15,88.28,89.24,326955.32,486051.5,32.66,2037-01-24,12.25
PRJ-0121,April,2026-04-15,100.0,100.0,366380.43,470240.23,28.35,2036-10-24,9.2
PRJ-0121,May,2026-05-15,100.0,100.0,366380.43,452981.61,23.64,2037-01-24,12.05
PRJ-0121,June,2026-06-15,100.0,100.0,366380.43,537402.33,46.68,2037-05-24,16.23
PRJ-0121,July,2026-07-15,100.0,99.54,364685.22,379040.9,3.46,2036-03-24,1.59
PRJ-0122,Feb,2026-02-15,10.51,8.82,11002.45,196391.47,57.41,2031-10-27,29.5
PRJ-0122,March,2026-03-15,21.02,27.65,34502.46,186656.17,49.61,2031-01-27,21.22
PRJ-0122,April,2026-04-15,31.53,42.45,52966.1,180093.64,44.35,2031-05-27,24.92
PRJ-0122,May,2026-05-15,42.04,41.87,52238.23,174906.32,40.19,2031-01-27,21.16
PRJ-0122,June,2026-06-15,52.55,59.91,74739.34,196986.89,57.89,2031-07-27,26.73
PRJ-0122,July,2026-07-15,63.06,66.2,82599.09,136934.15,9.76,2029-10-27,6.45
PRJ-0123,Feb,2026-02-15,10.53,5.74,18384.61,424780.35,32.52,2032-03-18,15.83
PRJ-0123,March,2026-03-15,21.07,19.18,61475.25,404650.13,26.24,2032-04-18,17.45
PRJ-0123,April,2026-04-15,31.6,29.15,93421.25,397339.18,23.96,2032-05-18,18.36
PRJ-0123,May,2026-05-15,42.13,41.96,134507.85,373129.81,16.41,2031-10-18,11.02
PRJ-0123,June,2026-06-15,52.67,49.61,159003.26,556289.81,73.55,2033-07-18,31.76
PRJ-0123,July,2026-07-15,63.2,59.42,190463.98,231861.25,-27.66,2030-11-18,0.0
PRJ-0124,Feb,2026-02-15,6.76,4.27,606.2,17841.94,25.75,2035-12-09,18.31
PRJ-0124,March,2026-03-15,13.51,12.08,1713.79,17268.55,21.7,2036-01-09,19.11
PRJ-0124,April,2026-04-15,20.27,30.35,4306.63,17220.79,21.37,2036-01-09,18.82
PRJ-0124,May,2026-05-15,27.03,30.21,4285.99,17362.59,22.37,2036-02-09,20.29
PRJ-0124,June,2026-06-15,33.78,23.54,3339.94,20558.72,44.89,2036-05-09,22.77
PRJ-0124,July,2026-07-15,40.54,41.14,5837.96,15032.59,5.95,2035-04-09,9.77
PRJ-0125,Feb,2026-02-15,1.43,1.83,15064.7,961344.64,17.05,2034-08-25,16.55
PRJ-0125,March,2026-03-15,2.86,0.26,2175.3,935915.62,13.96,2034-06-25,15.12
PRJ-0125,April,2026-04-15,4.29,0.0,0.0,929652.34,13.19,2034-07-25,15.71
PRJ-0125,May,2026-05-15,5.72,10.15,83371.48,940944.66,14.57,2034-08-25,17.0
PRJ-0125,June,2026-06-15,7.15,4.18,34337.18,1049925.27,27.84,2034-12-25,20.64
PRJ-0125,July,2026-07-15,8.58,11.45,94027.67,903147.83,9.97,2034-05-25,14.27
PRJ-0126,Feb,2026-02-15,6.36,9.26,74916.7,963730.92,19.1,2030-03-23,19.07
PRJ-0126,March,2026-03-15,12.71,11.32,91596.14,969165.58,19.77,2029-12-23,15.78
PRJ-0126,April,2026-04-15,19.07,20.78,168121.85,966693.32,19.46,2029-11-23,15.4
PRJ-0126,May,2026-05-15,25.43,21.9,177181.86,966706.41,19.47,2029-11-23,14.59
PRJ-0126,June,2026-06-15,31.78,35.26,285311.9,1099989.76,35.94,2030-04-23,20.05
PRJ-0126,July,2026-07-15,38.14,38.76,313647.67,874027.5,8.01,2029-01-23,4.74
PRJ-0127,Feb,2026-02-15,19.33,15.1,8407.1,88083.9,58.2,2035-10-12,30.7
PRJ-0127,March,2026-03-15,38.66,38.04,21177.62,86361.91,55.11,2035-05-12,26.07
PRJ-0127,April,2026-04-15,57.99,49.03,27297.53,86789.24,55.88,2035-03-12,23.82
PRJ-0127,May,2026-05-15,77.32,74.2,41310.7,83205.98,49.44,2035-01-12,21.83
PRJ-0127,June,2026-06-15,96.65,96.46,53706.61,106749.97,91.73,2035-11-12,31.97
PRJ-0127,July,2026-07-15,100.0,99.58,55443.82,69814.56,25.39,2033-12-12,8.73
PRJ-0128,Feb,2026-02-15,10.0,13.46,58389.29,534299.95,23.2,2035-07-03,19.42
PRJ-0128,March,2026-03-15,20.0,14.28,61921.27,546477.13,26.01,2035-10-03,22.27
PRJ-0128,April,2026-04-15,29.99,30.67,132996.77,532665.58,22.82,2035-06-03,18.1
PRJ-0128,May,2026-05-15,39.99,37.81,163961.21,522188.59,20.41,2035-03-03,14.7
PRJ-0128,June,2026-06-15,49.99,51.19,222021.8,610805.61,40.84,2035-12-03,23.51
PRJ-0128,July,2026-07-15,59.99,61.46,266541.7,483336.74,11.45,2034-07-03,6.83
PRJ-0129,Feb,2026-02-15,4.65,7.26,77903.53,1177674.9,9.8,2033-01-03,14.4
PRJ-0129,March,2026-03-15,9.3,5.9,63228.18,1176910.73,9.73,2032-11-03,11.68
PRJ-0129,April,2026-04-15,13.94,14.07,150897.98,1142799.63,6.55,2032-11-03,11.92
PRJ-0129,May,2026-05-15,18.59,15.19,162916.16,1151065.41,7.32,2032-12-03,12.96
PRJ-0129,June,2026-06-15,23.24,17.01,182453.51,1393001.33,29.88,2033-04-03,17.03
PRJ-0129,July,2026-07-15,27.89,35.81,384084.76,933635.8,-12.95,2032-04-03,5.28
PRJ-0130,Feb,2026-02-15,23.55,24.95,108938.16,492672.26,12.82,2034-10-09,15.35
PRJ-0130,March,2026-03-15,47.09,45.39,198198.78,487636.96,11.67,2034-05-09,10.48
PRJ-0130,April,2026-04-15,70.64,70.58,308211.89,482141.49,10.41,2034-04-09,9.11
PRJ-0130,May,2026-05-15,94.18,88.87,388079.02,462116.31,5.82,2034-02-09,6.69
PRJ-0130,June,2026-06-15,100.0,97.73,426763.04,519859.07,19.04,2034-02-09,6.53
PRJ-0130,July,2026-07-15,100.0,98.45,429937.94,401354.47,-8.09,2033-07-09,0.0
PRJ-0131,Feb,2026-02-15,9.14,3.63,10818.69,343901.18,15.43,2036-07-11,15.36
PRJ-0131,March,2026-03-15,18.29,24.17,71999.5,331282.7,11.19,2036-05-11,12.55
PRJ-0131,April,2026-04-15,27.43,24.83,73974.96,331106.55,11.13,2036-04-11,11.7
PRJ-0131,May,2026-05-15,36.57,41.71,124268.5,315411.06,5.87,2035-10-11,5.88
PRJ-0131,June,2026-06-15,45.72,37.93,113003.64,413533.42,38.8,2036-10-11,17.92
PRJ-0131,July,2026-07-15,54.86,48.4,144212.14,250268.3,-16.0,2035-04-11,0.0
PRJ-0132,Feb,2026-02-15,18.67,12.52,11375.73,163235.9,79.7,2038-08-26,35.38
PRJ-0132,March,2026-03-15,37.34,40.81,37068.52,159369.89,75.45,2038-09-26,35.73
PRJ-0132,April,2026-04-15,56.0,53.05,48191.19,155114.54,70.76,2038-03-26,30.1
PRJ-0132,May,2026-05-15,74.67,73.87,67097.08,148644.0,63.64,2038-02-26,29.39
PRJ-0132,June,2026-06-15,93.34,92.4,83932.43,222305.65,144.73,2040-03-26,53.88
PRJ-0132,July,2026-07-15,100.0,97.43,88497.23,108917.39,19.91,2036-03-26,5.91
PRJ-0133,Feb,2026-02-15,8.49,8.84,89765.6,1330990.8,31.02,2034-04-10,20.04
PRJ-0133,March,2026-03-15,16.98,25.59,260005.98,1261449.0,24.17,2034-03-10,18.61
PRJ-0133,April,2026-04-15,25.47,26.19,266078.66,1204138.87,18.53,2033-09-10,12.73
PRJ-0133,May,2026-05-15,33.96,29.8,302695.37,1159226.82,14.11,2033-08-10,11.98
PRJ-0133,June,2026-06-15,42.45,44.77,454754.35,1687347.16,66.1,2035-03-10,31.09
PRJ-0133,July,2026-07-15,50.94,48.78,495505.47,781890.08,-23.03,2032-08-10,0.0
PRJ-0134,Feb,2026-02-15,13.47,12.78,21083.88,200089.19,21.3,2033-02-14,20.2
PRJ-0134,March,2026-03-15,26.94,21.07,34754.33,190545.11,15.51,2032-06-14,11.99
PRJ-0134,April,2026-04-15,40.41,36.99,61013.08,179827.23,9.01,2032-04-14,10.13
PRJ-0134,May,2026-05-15,53.87,58.9,97153.47,170172.53,3.16,2032-01-14,7.26
PRJ-0134,June,2026-06-15,67.34,59.01,97349.94,228654.53,38.61,2032-12-14,17.57
PRJ-0134,July,2026-07-15,80.81,81.54,134514.24,116869.03,-29.15,2031-06-14,0.0
PRJ-0135,Feb,2026-02-15,13.96,15.96,42587.48,304420.39,14.09,2032-12-04,15.97
PRJ-0135,March,2026-03-15,27.92,32.7,87265.72,299541.88,12.26,2032-09-04,13.15
PRJ-0135,April,2026-04-15,41.88,41.67,111189.73,293531.29,10.01,2032-07-04,11.04
PRJ-0135,May,2026-05-15,55.83,54.48,145381.67,300919.85,12.78,2032-07-04,11.43
PRJ-0135,June,2026-06-15,69.79,64.53,172193.66,388390.14,45.56,2033-01-04,16.74
PRJ-0135,July,2026-07-15,83.75,88.54,236240.46,245412.45,-8.03,2031-08-04,0.0
PRJ-0136,Feb,2026-02-15,27.52,25.98,124533.47,545529.83,13.81,2034-05-23,12.19
PRJ-0136,March,2026-03-15,55.05,48.36,231822.21,543056.43,13.29,2034-04-23,11.45
PRJ-0136,April,2026-04-15,82.57,84.05,402900.62,533037.84,11.2,2033-10-23,4.97
PRJ-0136,May,2026-05-15,100.0,96.97,464836.49,536898.11,12.01,2033-09-23,3.88
PRJ-0136,June,2026-06-15,100.0,100.0,479349.46,671274.57,40.04,2034-08-23,14.72
PRJ-0136,July,2026-07-15,100.0,100.0,479349.46,485425.2,1.27,2033-08-23,2.7
PRJ-0137,Feb,2026-02-15,36.53,36.85,196069.5,643109.27,20.87,2030-08-26,10.67
PRJ-0137,March,2026-03-15,73.06,69.44,369488.05,614640.74,15.52,2030-04-26,7.34
PRJ-0137,April,2026-04-15,100.0,100.0,532084.9,596093.15,12.03,2029-12-26,3.23
PRJ-0137,May,2026-05-15,100.0,100.0,532084.9,571599.32,7.43,2029-11-26,1.78
PRJ-0137,June,2026-06-15,100.0,98.67,525006.83,689163.5,29.52,2030-08-26,11.01
PRJ-0137,July,2026-07-15,100.0,94.35,502000.64,461110.57,-13.34,2029-09-26,0.0
PRJ-0138,Feb,2026-02-15,23.85,21.0,164923.94,1019373.63,29.77,2035-03-08,20.73
PRJ-0138,March,2026-03-15,47.69,40.85,320838.85,984912.33,25.39,2035-01-08,18.96
PRJ-0138,April,2026-04-15,71.54,73.22,575103.64,941948.2,19.92,2034-05-08,11.17
PRJ-0138,May,2026-05-15,95.38,93.4,733691.14,939304.73,19.58,2034-03-08,9.06
PRJ-0138,June,2026-06-15,100.0,99.74,783430.92,986280.61,25.56,2034-02-08,7.82
PRJ-0138,July,2026-07-15,100.0,100.0,785499.26,829664.68,5.62,2033-10-08,4.12
PRJ-0139,Feb,2026-02-15,12.13,9.34,42409.79,541202.5,19.2,2031-11-27,18.12
PRJ-0139,March,2026-03-15,24.26,17.89,81235.92,537721.6,18.44,2031-05-27,12.24
PRJ-0139,April,2026-04-15,36.38,33.12,150378.74,531090.12,16.98,2031-07-27,14.18
PRJ-0139,May,2026-05-15,48.51,43.43,197165.14,525799.84,15.81,2031-02-27,8.89
PRJ-0139,June,2026-06-15,60.64,62.04,281693.02,637812.88,40.48,2031-11-27,18.05
PRJ-0139,July,2026-07-15,72.77,70.72,321099.9,450380.97,-0.8,2030-06-27,0.61
PRJ-0140,Feb,2026-02-15,11.54,1.04,2968.03,275640.85,-3.28,2033-03-21,9.23
PRJ-0140,March,2026-03-15,23.08,26.38,75167.21,272126.65,-4.51,2032-10-21,3.88
PRJ-0140,April,2026-04-15,34.61,37.9,108002.68,273642.25,-3.98,2033-03-21,8.96
PRJ-0140,May,2026-05-15,46.15,50.21,143088.91,259831.57,-8.83,2032-06-21,0.43
PRJ-0140,June,2026-06-15,57.69,54.61,155622.5,363644.16,27.6,2033-05-21,11.43
PRJ-0140,July,2026-07-15,69.23,69.25,197359.27,199567.98,-29.97,2032-06-21,0.0
PRJ-0141,Feb,2026-02-15,15.54,15.53,139984.47,1197422.55,32.8,2032-02-15,23.65
PRJ-0141,March,2026-03-15,31.07,31.67,285531.21,1171808.08,29.96,2031-11-15,20.95
PRJ-0141,April,2026-04-15,46.61,46.74,421402.46,1110779.67,23.19,2031-04-15,14.49
PRJ-0141,May,2026-05-15,62.15,60.59,546311.65,1071497.58,18.84,2031-01-15,11.28
PRJ-0141,June,2026-06-15,77.69,73.49,662650.03,1947176.81,115.95,2033-11-15,44.87
PRJ-0141,July,2026-07-15,93.22,92.35,832684.98,609620.19,-32.39,2030-02-15,0.0
PRJ-0142,Feb,2026-02-15,29.45,29.26,40393.56,141754.93,2.67,2032-05-20,13.23
PRJ-0142,March,2026-03-15,58.91,63.86,88168.23,141983.15,2.84,2031-10-20,6.0
PRJ-0142,April,2026-04-15,88.36,88.64,122376.27,141931.35,2.8,2031-08-20,4.07
PRJ-0142,May,2026-05-15,100.0,96.06,132629.38,137702.23,-0.26,2031-04-20,0.0
PRJ-0142,June,2026-06-15,100.0,99.12,136844.36,160181.31,16.02,2031-11-20,7.03
PRJ-0142,July,2026-07-15,100.0,96.1,132674.72,126120.88,-8.65,2031-04-20,0.0
PRJ-0143,Feb,2026-02-15,10.02,12.06,177609.47,1957268.36,32.92,2036-12-24,21.81
PRJ-0143,March,2026-03-15,20.05,29.3,431395.12,1937174.49,31.56,2036-09-24,18.75
PRJ-0143,April,2026-04-15,30.07,26.56,391146.81,1846924.43,25.43,2036-11-24,20.5
PRJ-0143,May,2026-05-15,40.1,39.56,582478.59,1838491.73,24.86,2036-06-24,15.96
PRJ-0143,June,2026-06-15,50.12,53.68,790498.04,2180682.95,48.1,2036-12-24,22.06
PRJ-0143,July,2026-07-15,60.15,62.58,921548.69,1528273.25,3.79,2035-08-24,5.73
PRJ-0144,Feb,2026-02-15,3.09,2.29,6646.8,332579.24,14.74,2036-03-13,15.37
PRJ-0144,March,2026-03-15,6.19,6.87,19913.41,324131.91,11.82,2036-01-13,12.55
PRJ-0144,April,2026-04-15,9.28,8.95,25930.82,311060.5,7.31,2035-12-13,12.43
PRJ-0144,May,2026-05-15,12.37,14.29,41419.39,312514.13,7.82,2036-04-13,16.0
PRJ-0144,June,2026-06-15,15.46,15.79,45763.58,374639.38,29.25,2036-07-13,18.51
PRJ-0144,July,2026-07-15,18.56,18.61,53935.28,246642.21,-14.91,2035-02-13,1.82
PRJ-0145,Feb,2026-02-15,2.57,1.84,6435.09,503997.93,44.37,2034-12-27,21.48
PRJ-0145,March,2026-03-15,5.14,9.46,33021.71,471408.36,35.04,2034-11-27,20.28
PRJ-0145,April,2026-04-15,7.72,14.06,49068.67,458436.14,31.32,2034-12-27,20.52
PRJ-0145,May,2026-05-15,10.29,5.07,17701.51,441600.8,26.5,2035-02-27,23.3
PRJ-0145,June,2026-06-15,12.86,13.05,45538.93,610567.36,74.9,2036-06-27,39.38
PRJ-0145,July,2026-07-15,15.43,11.93,41638.49,313095.73,-10.31,2033-08-27,5.24
PRJ-0146,Feb,2026-02-15,20.29,26.75,24941.02,103706.36,11.23,2036-09-28,13.85
PRJ-0146,March,2026-03-15,40.57,37.78,35221.31,103554.34,11.07,2036-02-28,7.23
PRJ-0146,April,2026-04-15,60.86,64.92,60530.32,100478.75,7.77,2036-07-28,11.88
PRJ-0146,May,2026-05-15,81.14,80.78,75310.22,100398.88,7.69,2035-11-28,4.09
PRJ-0146,June,2026-06-15,100.0,100.0,93233.34,142943.8,53.32,2037-01-28,18.28
PRJ-0146,July,2026-07-15,100.0,100.0,93233.34,73049.22,-21.65,2035-07-28,0.0
PRJ-0147,Feb,2026-02-15,1.47,1.9,8409.64,521572.24,17.68,2035-11-20,19.03
PRJ-0147,March,2026-03-15,2.25,4.53,20099.5,524790.58,18.41,2036-01-20,21.0
PRJ-0147,April,2026-04-15,3.4,3.69,16347.97,522816.36,17.96,2035-08-20,15.53
PRJ-0147,May,2026-05-15,2.01,1.13,5002.91,507058.67,14.4,2035-09-20,17.31
PRJ-0147,June,2026-06-15,2.78,0.0,0.0,553929.42,24.98,2035-10-20,18.03
PRJ-0147,July,2026-07-15,5.11,4.17,18463.65,459241.2,3.62,2035-02-20,9.71
PRJ-0148,Feb,2026-02-15,14.41,12.66,127705.81,1137317.84,12.72,2031-05-13,15.8
PRJ-0148,March,2026-03-15,28.81,25.68,259097.15,1113702.77,10.38,2031-04-13,14.57
PRJ-0148,April,2026-04-15,43.22,45.62,460307.66,1114971.84,10.51,2031-01-13,12.34
PRJ-0148,May,2026-05-15,57.62,63.04,636011.91,1049212.33,3.99,2030-08-13,7.27
PRJ-0148,June,2026-06-15,72.03,73.58,742342.18,1324530.34,31.28,2031-03-13,14.4
PRJ-0148,July,2026-07-15,86.43,87.9,886877.73,922712.03,-8.55,2030-01-13,0.0
PRJ-0149,Feb,2026-02-15,8.17,4.64,34130.94,790663.86,7.5,2033-12-09,14.32
PRJ-0149,March,2026-03-15,16.34,15.6,114730.76,784399.18,6.65,2033-12-09,14.06
PRJ-0149,April,2026-04-15,24.51,27.67,203487.07,783839.0,6.58,2033-11-09,13.0
PRJ-0149,May,2026-05-15,32.68,33.25,244517.09,803018.58,9.18,2034-04-09,17.77
PRJ-0149,June,2026-06-15,40.85,42.15,310035.73,888474.33,20.8,2033-11-09,12.63
PRJ-0149,July,2026-07-15,49.03,54.73,402534.94,740606.61,0.7,2033-08-09,9.78
PRJ-0150,Feb,2026-02-15,9.84,10.79,56586.36,575282.98,9.73,2036-04-13,15.27
PRJ-0150,March,2026-03-15,19.67,21.66,113567.36,596092.22,13.7,2036-04-13,15.5
PRJ-0150,April,2026-04-15,29.51,29.09,152511.74,583110.89,11.22,2035-10-13,9.37
PRJ-0150,May,2026-05-15,39.35,42.31,221815.95,577540.5,10.16,2035-10-13,9.33
PRJ-0150,June,2026-06-15,49.18,53.62,281098.01,663634.83,26.58,2036-03-13,14.16
PRJ-0150,July,2026-07-15,59.02,56.38,295561.48,567628.42,8.27,2035-05-13,4.12
PRJ-0151,Feb,2026-02-15,7.51,3.53,6251.89,266862.95,50.66,2037-02-17,30.65
PRJ-0151,March,2026-03-15,15.02,16.53,29288.56,261244.22,47.49,2036-08-17,24.93
PRJ-0151,April,2026-04-15,22.53,26.24,46471.04,251974.51,42.25,2036-11-17,27.63
PRJ-0151,May,2026-05-15,30.03,26.45,46843.09,249868.25,41.06,2036-06-17,23.45
PRJ-0151,June,2026-06-15,37.54,37.95,67227.68,282877.9,59.7,2037-02-17,31.31
PRJ-0151,July,2026-07-15,45.05,44.88,79504.18,194557.13,9.84,2035-06-17,11.28
PRJ-0152,Feb,2026-02-15,37.53,44.74,127070.57,354177.23,24.71,2030-05-27,16.42
PRJ-0152,March,2026-03-15,75.06,80.46,228503.41,342079.53,20.45,2030-01-27,11.58
PRJ-0152,April,2026-04-15,100.0,95.87,272254.46,334243.33,17.69,2029-08-27,7.18
PRJ-0152,May,2026-05-15,100.0,99.89,283696.17,331928.87,16.88,2029-09-27,8.05
PRJ-0152,June,2026-06-15,100.0,100.0,283996.41,408731.26,43.92,2030-01-27,11.51
PRJ-0152,July,2026-07-15,100.0,100.0,283996.41,290172.03,2.17,2029-01-27,0.0
PRJ-0153,Feb,2026-02-15,1.4,5.81,19731.05,532114.72,56.59,2031-10-09,29.52
PRJ-0153,March,2026-03-15,6.58,10.15,34491.48,513102.64,50.99,2031-10-09,29.69
PRJ-0153,April,2026-04-15,4.24,5.0,16975.8,499762.75,47.07,2031-08-09,28.36
PRJ-0153,May,2026-05-15,1.43,0.0,0.0,467270.06,37.5,2031-05-09,24.79
PRJ-0153,June,2026-06-15,5.17,0.42,1433.33,589053.42,73.34,2032-08-09,39.92
PRJ-0153,July,2026-07-15,1.54,1.42,4812.08,362272.18,6.61,2030-05-09,13.0
PRJ-0154,Feb,2026-02-15,18.86,22.33,267774.98,1459196.37,21.67,2037-02-07,13.45
PRJ-0154,March,2026-03-15,37.71,35.99,431669.11,1456022.96,21.4,2037-04-07,14.7
PRJ-0154,April,2026-04-15,56.57,57.12,684997.14,1434527.85,19.61,2037-05-07,15.92
PRJ-0154,May,2026-05-15,75.42,76.59,918520.7,1420199.3,18.42,2037-02-07,13.39
PRJ-0154,June,2026-06-15,94.28,100.0,1199312.84,1596679.46,33.13,2037-01-07,12.29
PRJ-0154,July,2026-07-15,100.0,100.0,1199312.84,1320486.48,10.1,2036-05-07,4.15
PRJ-0155,Feb,2026-02-15,12.65,11.65,19565.69,197286.03,17.45,2031-11-20,18.58
PRJ-0155,March,2026-03-15,25.3,22.63,38018.87,199175.96,18.58,2031-06-20,14.13
PRJ-0155,April,2026-04-15,37.95,44.06,74014.93,193173.45,15.01,2031-07-20,14.99
PRJ-0155,May,2026-05-15,50.61,49.55,83228.26,183609.16,9.31,2030-11-20,7.33
PRJ-0155,June,2026-06-15,63.26,69.68,117032.71,180232.68,7.3,2030-08-20,4.12
PRJ-0155,July,2026-07-15,75.91,72.6,121936.96,146270.58,-12.92,2030-04-20,0.0
PRJ-0156,Feb,2026-02-15,11.08,15.83,107844.68,911040.38,33.76,2036-08-07,21.86
PRJ-0156,March,2026-03-15,22.16,16.87,114881.96,889005.53,30.52,2036-06-07,20.03
PRJ-0156,April,2026-04-15,33.24,37.86,257894.95,858854.66,26.1,2035-12-07,13.97
PRJ-0156,May,2026-05-15,44.32,39.98,272309.38,831358.99,22.06,2036-01-07,15.41
PRJ-0156,June,2026-06-15,55.4,60.55,412413.45,1175853.22,72.64,2037-04-07,29.7
PRJ-0156,July,2026-07-15,66.48,71.93,489891.25,595698.92,-12.54,2034-10-07,0.0
PRJ-0157,Feb,2026-02-15,10.23,9.52,62712.96,774325.68,17.5,2033-07-01,16.82
PRJ-0157,March,2026-03-15,20.46,17.95,118310.44,784418.45,19.03,2033-05-01,14.84
PRJ-0157,April,2026-04-15,30.69,34.71,228772.32,769468.59,16.76,2033-09-01,18.76
PRJ-0157,May,2026-05-15,40.92,42.18,277970.27,740207.78,12.32,2032-11-01,9.23
PRJ-0157,June,2026-06-15,51.15,47.39,312331.47,947506.55,43.78,2033-10-01,19.83
PRJ-0157,July,2026-07-15,61.38,61.07,402477.85,644919.96,-2.14,2032-07-01,4.53
PRJ-0158,Feb,2026-02-15,18.92,16.09,41689.49,331329.38,27.88,2037-06-04,16.28
PRJ-0158,March,2026-03-15,37.84,43.03,111479.61,320559.43,23.72,2037-06-04,16.08
PRJ-0158,April,2026-04-15,56.76,53.28,138052.91,313414.39,20.97,2037-06-04,16.04
PRJ-0158,May,2026-05-15,75.69,72.78,188579.5,301257.38,16.27,2036-12-04,9.75
PRJ-0158,June,2026-06-15,94.61,99.71,258331.21,357757.75,38.08,2037-05-04,15.22
PRJ-0158,July,2026-07-15,100.0,100.0,259094.22,258811.23,-0.11,2036-02-04,0.0
PRJ-0159,Feb,2026-02-15,29.36,30.84,202870.94,905992.53,37.74,2037-12-06,23.54
PRJ-0159,March,2026-03-15,58.71,56.8,373596.83,874390.24,32.94,2037-05-06,17.43
PRJ-0159,April,2026-04-15,88.07,89.15,586352.06,858239.05,30.48,2036-10-06,9.98
PRJ-0159,May,2026-05-15,100.0,100.0,657732.99,838387.16,27.47,2036-11-06,11.39
PRJ-0159,June,2026-06-15,100.0,100.0,657732.99,987029.98,50.07,2037-04-06,16.46
PRJ-0159,July,2026-07-15,100.0,100.0,657732.99,747332.38,13.62,2036-06-06,6.38
PRJ-0160,Feb,2026-02-15,0.64,3.0,41737.15,1624632.14,16.89,2030-01-20,19.28
PRJ-0160,March,2026-03-15,1.29,0.0,0.0,1612007.06,15.98,2029-07-20,12.99
PRJ-0160,April,2026-04-15,0.08,0.0,0.0,1593694.71,14.66,2029-11-20,17.27
PRJ-0160,May,2026-05-15,2.57,0.52,7206.81,1585767.29,14.09,2029-08-20,14.17
PRJ-0160,June,2026-06-15,3.22,4.92,68358.16,1945987.0,40.01,2030-08-20,26.42
PRJ-0160,July,2026-07-15,3.86,0.0,0.0,1435939.57,3.31,2029-05-20,11.46
PRJ-0161,Feb,2026-02-15,29.53,32.25,483923.25,1560565.34,3.99,2035-09-07,11.13
PRJ-0161,March,2026-03-15,59.07,62.46,937355.54,1540351.43,2.64,2035-04-07,5.52
PRJ-0161,April,2026-04-15,88.6,90.42,1356924.08,1499790.86,-0.06,2034-12-07,1.78
PRJ-0161,May,2026-05-15,100.0,99.85,1498468.61,1500129.86,-0.04,2034-10-07,0.0
PRJ-0161,June,2026-06-15,100.0,99.83,1498108.59,1868356.16,24.5,2035-07-07,8.91
PRJ-0161,July,2026-07-15,100.0,95.38,1431408.63,1301069.48,-13.3,2034-10-07,0.0
PRJ-0162,Feb,2026-02-15,18.85,14.03,660.14,5926.48,25.99,2035-09-08,18.7
PRJ-0162,March,2026-03-15,37.7,44.56,2095.96,5881.04,25.02,2035-08-08,18.21
PRJ-0162,April,2026-04-15,56.55,52.53,2470.96,5664.94,20.43,2035-04-08,13.8
PRJ-0162,May,2026-05-15,75.4,77.64,3652.26,5513.08,17.2,2034-10-08,7.71
PRJ-0162,June,2026-06-15,94.25,94.9,4464.37,5942.81,26.33,2034-12-08,10.4
PRJ-0162,July,2026-07-15,100.0,97.68,4595.12,5009.52,6.49,2034-02-08,0.0
PRJ-0163,Feb,2026-02-15,13.95,19.31,74282.09,528748.5,37.46,2030-12-09,21.01
PRJ-0163,March,2026-03-15,27.89,28.68,110309.52,527017.31,37.01,2031-02-09,23.34
PRJ-0163,April,2026-04-15,41.84,35.59,136881.17,527572.0,37.15,2030-12-09,21.23
PRJ-0163,May,2026-05-15,55.79,55.46,213318.97,538285.87,39.94,2030-11-09,20.09
PRJ-0163,June,2026-06-15,69.73,66.35,255223.96,576083.33,49.77,2031-02-09,23.1
PRJ-0163,July,2026-07-15,83.68,85.64,329429.51,512695.57,33.29,2030-08-09,16.61
PRJ-0164,Feb,2026-02-15,27.94,23.97,226946.28,1100912.76,16.25,2033-07-03,14.47
PRJ-0164,March,2026-03-15,55.87,59.61,564491.25,1067663.43,12.74,2033-04-03,10.54
PRJ-0164,April,2026-04-15,83.81,85.09,805761.39,1033725.4,9.16,2032-10-03,4.77
PRJ-0164,May,2026-05-15,100.0,100.0,946988.36,980569.78,3.55,2032-06-03,0.57
PRJ-0164,June,2026-06-15,100.0,100.0,946988.36,1442429.1,52.32,2034-01-03,19.58
PRJ-0164,July,2026-07-15,100.0,99.65,943656.51,713504.55,-24.66,2032-05-03,0.0
PRJ-0165,Feb,2026-02-15,31.97,29.23,238215.58,977558.57,19.97,2033-02-21,18.05
PRJ-0165,March,2026-03-15,63.93,62.37,508222.31,986163.85,21.03,2032-07-21,11.47
PRJ-0165,April,2026-04-15,95.9,96.03,782467.53,962567.96,18.13,2032-04-21,7.78
PRJ-0165,May,2026-05-15,100.0,100.0,814840.0,983917.08,20.75,2032-05-21,8.59
PRJ-0165,June,2026-06-15,100.0,98.06,799035.36,1038795.45,27.48,2032-08-21,12.08
PRJ-0165,July,2026-07-15,100.0,82.44,671782.95,858890.85,5.41,2031-11-21,3.24
PRJ-0166,Feb,2026-02-15,15.81,6.41,19104.25,323722.02,8.54,2035-11-08,13.98
PRJ-0166,March,2026-03-15,31.61,33.07,98622.82,329246.49,10.39,2035-10-08,13.01
PRJ-0166,April,2026-04-15,47.42,39.97,119214.75,316681.95,6.18,2035-07-08,9.86
PRJ-0166,May,2026-05-15,63.22,67.74,202039.43,321323.77,7.73,2034-12-08,3.14
PRJ-0166,June,2026-06-15,79.03,75.64,225610.75,453749.06,52.13,2036-03-08,17.58
PRJ-0166,July,2026-07-15,94.83,96.4,287538.02,226775.07,-23.97,2034-09-08,0.0
PRJ-0167,Feb,2026-02-15,6.39,6.42,128415.94,2293041.09,14.65,2036-02-12,16.7
PRJ-0167,March,2026-03-15,12.78,13.76,275189.63,2318360.8,15.92,2036-01-12,15.51
PRJ-0167,April,2026-04-15,19.17,23.18,463637.99,2300751.73,15.04,2035-12-12,14.77
PRJ-0167,May,2026-05-15,25.57,24.82,496406.89,2280163.3,14.01,2035-10-12,12.54
PRJ-0167,June,2026-06-15,31.96,29.74,594707.64,2595102.11,29.76,2036-04-12,19.35
PRJ-0167,July,2026-07-15,38.35,37.13,742636.09,2057415.98,2.87,2035-05-12,7.75
PRJ-0168,Feb,2026-02-15,24.83,32.41,65304.86,259883.12,28.99,2032-10-06,18.41
PRJ-0168,March,2026-03-15,49.66,45.69,92051.99,248867.1,23.52,2032-03-06,10.81
PRJ-0168,April,2026-04-15,74.5,79.98,161139.48,244478.66,21.34,2032-04-06,11.73
PRJ-0168,May,2026-05-15,99.33,100.0,201474.12,224659.72,11.51,2031-07-06,3.4
PRJ-0168,June,2026-06-15,100.0,100.0,201474.12,379560.87,88.39,2033-12-06,32.25
PRJ-0168,July,2026-07-15,100.0,100.0,201474.12,156290.43,-22.43,2031-04-06,0.0
PRJ-0169,Feb,2026-02-15,18.19,14.21,37519.24,285747.17,8.25,2033-03-12,13.16
PRJ-0169,March,2026-03-15,36.39,38.11,100595.86,283551.99,7.42,2033-01-12,10.57
PRJ-0169,April,2026-04-15,54.58,58.05,153228.26,270254.94,2.39,2032-02-12,0.02
PRJ-0169,May,2026-05-15,72.78,83.06,219234.67,266981.59,1.15,2032-03-12,0.65
PRJ-0169,June,2026-06-15,90.97,90.94,240036.92,334952.84,26.9,2032-12-12,9.57
PRJ-0169,July,2026-07-15,100.0,100.0,263958.32,222597.57,-15.67,2032-02-12,0.0
PRJ-0170,Feb,2026-02-15,16.15,13.98,95847.17,819727.35,19.53,2031-06-22,19.19
PRJ-0170,March,2026-03-15,32.3,23.67,162323.61,815322.25,18.88,2031-02-22,14.8
PRJ-0170,April,2026-04-15,48.45,48.62,333428.62,833337.69,21.51,2030-12-22,13.04
PRJ-0170,May,2026-05-15,64.6,66.41,455427.76,788440.21,14.96,2030-10-22,10.81
PRJ-0170,June,2026-06-15,80.75,85.29,584899.65,967258.94,41.04,2031-05-22,18.21
PRJ-0170,July,2026-07-15,96.9,99.23,680539.5,718328.46,4.74,2030-02-22,3.34
PRJ-0171,Feb,2026-02-15,13.69,15.24,49571.73,409005.2,25.74,2030-06-02,20.02
PRJ-0171,March,2026-03-15,27.37,31.97,103986.47,407498.77,25.28,2030-02-02,15.82
PRJ-0171,April,2026-04-15,41.06,37.67,122533.71,395146.64,21.48,2029-12-02,14.21
PRJ-0171,May,2026-05-15,54.75,41.11,133735.49,384435.97,18.19,2030-03-02,16.62
PRJ-0171,June,2026-06-15,68.44,66.05,214857.45,460690.91,41.63,2030-08-02,22.21
PRJ-0171,July,2026-07-15,82.12,82.65,268854.07,318663.67,-2.03,2028-10-02,0.46
PRJ-0172,Feb,2026-02-15,24.07,28.51,197938.74,941136.47,35.57,2033-07-06,26.64
PRJ-0172,March,2026-03-15,48.14,48.61,337452.92,920235.09,32.56,2032-10-06,17.96
PRJ-0172,April,2026-04-15,72.21,69.82,484677.54,908086.03,30.81,2032-06-06,13.56
PRJ-0172,May,2026-05-15,96.29,91.55,635547.76,855941.72,23.3,2031-12-06,7.56
PRJ-0172,June,2026-06-15,100.0,100.0,694200.92,1302737.43,87.66,2033-12-06,31.75
PRJ-0172,July,2026-07-15,100.0,97.09,673986.33,582288.4,-16.12,2031-04-06,0.0
PRJ-0173,Feb,2026-02-15,1.26,0.0,0.0,2218942.03,10.95,2033-02-27,17.08
PRJ-0173,March,2026-03-15,1.99,0.75,15021.18,2230587.09,11.53,2032-12-27,15.04
PRJ-0173,April,2026-04-15,2.14,1.54,30810.38,2127578.52,6.38,2032-10-27,12.85
PRJ-0173,May,2026-05-15,4.42,11.99,239799.32,2088737.38,4.44,2032-11-27,13.96
PRJ-0173,June,2026-06-15,1.92,5.45,109041.65,2095221.33,4.76,2032-12-27,14.98
PRJ-0173,July,2026-07-15,3.15,4.24,84807.62,1635558.69,-18.22,2032-02-27,4.71
PRJ-0174,Feb,2026-02-15,18.62,11.06,85636.12,919572.58,18.78,2036-07-27,17.35
PRJ-0174,March,2026-03-15,37.25,47.36,366643.4,914580.0,18.14,2036-03-27,13.1
PRJ-0174,April,2026-04-15,55.87,51.43,398168.39,877408.48,13.34,2035-12-27,10.38
PRJ-0174,May,2026-05-15,74.49,71.25,551574.73,859046.35,10.96,2035-09-27,6.55
PRJ-0174,June,2026-06-15,93.12,96.82,749558.93,1011857.35,30.7,2035-12-27,10.03
PRJ-0174,July,2026-07-15,100.0,94.29,729984.21,706508.1,-8.74,2035-02-27,0.0
PRJ-0175,Feb,2026-02-15,23.52,29.31,172563.43,654977.44,11.24,2031-08-11,14.25
PRJ-0175,March,2026-03-15,47.04,51.08,300774.95,630104.08,7.01,2031-05-11,10.95
PRJ-0175,April,2026-04-15,70.57,64.75,381251.2,618067.09,4.97,2030-10-11,3.59
PRJ-0175,May,2026-05-15,94.09,97.21,572377.52,596669.26,1.33,2030-07-11,1.13
PRJ-0175,June,2026-06-15,100.0,100.0,588816.25,745888.34,26.68,2031-06-11,11.73
PRJ-0175,July,2026-07-15,100.0,95.85,564392.3,488494.61,-17.04,2030-06-11,0.0
PRJ-0176,Feb,2026-02-15,23.22,23.93,36169.77,190373.98,25.97,2036-09-27,23.2
PRJ-0176,March,2026-03-15,46.45,46.54,70332.73,184829.42,22.3,2035-10-27,11.67
PRJ-0176,April,2026-04-15,69.67,67.67,102259.93,184149.98,21.85,2035-08-27,9.99
PRJ-0176,May,2026-05-15,92.9,97.53,147395.08,181235.94,19.93,2035-08-27,10.09
PRJ-0176,June,2026-06-15,100.0,99.8,150815.76,199168.53,31.79,2035-09-27,11.01
PRJ-0176,July,2026-07-15,100.0,100.0,151123.91,160582.02,6.26,2035-01-27,2.93
PRJ-0177,Feb,2026-02-15,6.69,11.44,62462.56,577965.35,5.84,2034-01-08,13.29
PRJ-0177,March,2026-03-15,13.38,15.69,85657.58,564082.59,3.3,2034-03-08,14.9
PRJ-0177,April,2026-04-15,20.07,21.89,119540.06,573523.63,5.03,2033-11-08,11.45
PRJ-0177,May,2026-05-15,26.76,26.11,142607.42,571996.37,4.75,2033-11-08,10.72
PRJ-0177,June,2026-06-15,33.45,32.5,177450.09,657044.13,20.32,2034-03-08,15.2
PRJ-0177,July,2026-07-15,40.15,43.01,234876.81,540362.66,-1.05,2033-10-08,9.55
PRJ-0178,Feb,2026-02-15,0.36,11.21,57058.83,620654.56,21.89,2035-08-22,17.21
PRJ-0178,March,2026-03-15,0.73,0.0,0.0,588299.39,15.54,2035-08-22,17.15
PRJ-0178,April,2026-04-15,1.09,3.46,17601.77,595205.58,16.9,2035-09-22,18.13
PRJ-0178,May,2026-05-15,1.46,0.0,0.0,583729.47,14.64,2035-07-22,16.46
PRJ-0178,June,2026-06-15,1.24,0.0,0.0,820404.89,61.12,2036-10-22,30.92
PRJ-0178,July,2026-07-15,2.18,5.24,26682.06,440995.98,-13.39,2034-11-22,7.54
PRJ-0179,Feb,2026-02-15,0.42,3.2,24003.45,884170.69,17.77,2031-07-18,14.55
PRJ-0179,March,2026-03-15,0.83,0.0,30.83,904412.76,20.46,2031-11-18,19.32
PRJ-0179,April,2026-04-15,1.25,4.37,32801.55,877466.48,16.87,2031-07-18,14.86
PRJ-0179,May,2026-05-15,0.53,0.0,0.0,887814.11,18.25,2031-08-18,15.52
PRJ-0179,June,2026-06-15,0.93,0.66,4973.77,1085570.63,44.59,2032-11-18,31.31
PRJ-0179,July,2026-07-15,2.49,0.0,0.0,774912.64,3.21,2031-05-18,12.66
PRJ-0180,Feb,2026-02-15,10.86,16.08,71314.6,629958.06,42.06,2035-08-17,25.43
PRJ-0180,March,2026-03-15,21.73,19.47,86335.44,611542.62,37.91,2035-05-17,21.55
PRJ-0180,April,2026-04-15,32.59,29.59,131212.81,587956.0,32.59,2035-05-17,22.49
PRJ-0180,May,2026-05-15,43.45,46.27,205191.51,562979.63,26.96,2034-06-17,11.26
PRJ-0180,June,2026-06-15,54.32,53.67,238009.13,735055.52,65.76,2035-11-17,27.54
PRJ-0180,July,2026-07-15,65.18,63.2,280250.62,431501.69,-2.69,2033-07-17,0.0
PRJ-0181,Feb,2026-02-15,1.44,7.9,28444.38,495221.77,37.5,2037-05-03,25.36
PRJ-0181,March,2026-03-15,2.89,3.79,13642.52,462281.1,28.35,2037-01-03,21.47
PRJ-0181,April,2026-04-15,4.33,6.76,24340.09,462020.09,28.28,2036-07-03,15.41
PRJ-0181,May,2026-05-15,5.77,1.76,6341.5,447737.04,24.31,2036-09-03,16.97
PRJ-0181,June,2026-06-15,7.22,8.86,31919.04,622777.92,72.91,2038-01-03,33.37
PRJ-0181,July,2026-07-15,8.66,11.72,42195.22,320874.65,-10.91,2035-11-03,7.24
PRJ-0182,Feb,2026-02-15,26.04,25.66,181872.34,970722.5,36.95,2033-05-10,18.39
PRJ-0182,March,2026-03-15,52.08,54.54,386576.13,963004.78,35.86,2033-03-10,15.63
PRJ-0182,April,2026-04-15,78.12,78.48,556292.41,955284.21,34.77,2033-01-10,13.51
PRJ-0182,May,2026-05-15,100.0,91.19,646386.25,942112.31,32.91,2032-11-10,12.21
PRJ-0182,June,2026-06-15,100.0,100.0,708827.01,1050352.71,48.18,2033-05-10,17.64
PRJ-0182,July,2026-07-15,100.0,97.46,690800.05,835295.69,17.84,2032-05-10,5.64
PRJ-0183,Feb,2026-02-15,19.63,14.25,80945.64,691591.13,21.78,2031-05-01,18.82
PRJ-0183,March,2026-03-15,39.26,42.77,242906.94,702606.5,23.72,2031-01-01,14.52
PRJ-0183,April,2026-04-15,58.9,58.26,330886.07,704920.59,24.12,2030-10-01,11.91
PRJ-0183,May,2026-05-15,78.53,73.74,418782.84,687254.75,21.01,2030-12-01,13.91
PRJ-0183,June,2026-06-15,98.16,100.0,567921.88,776471.19,36.72,2030-10-01,12.0
PRJ-0183,July,2026-07-15,100.0,99.06,562608.85,618802.76,8.96,2030-03-01,5.34
PRJ-0184,Feb,2026-02-15,1.63,0.0,0.0,777173.43,7.41,2030-10-15,11.73
PRJ-0184,March,2026-03-15,1.98,3.14,22731.24,785035.58,8.5,2031-01-15,14.9
PRJ-0184,April,2026-04-15,1.24,9.47,68484.81,728951.37,0.75,2030-08-15,10.32
PRJ-0184,May,2026-05-15,4.27,0.0,0.0,753229.42,4.1,2030-09-15,11.3
PRJ-0184,June,2026-06-15,5.56,7.01,50745.79,679190.12,-6.13,2030-05-15,6.98
PRJ-0184,July,2026-07-15,1.56,0.0,0.0,557187.21,-22.99,2030-03-15,5.32
PRJ-0185,Feb,2026-02-15,8.35,6.28,40964.17,824379.97,26.35,2031-04-10,21.15
PRJ-0185,March,2026-03-15,16.71,20.67,134876.21,820780.45,25.8,2030-12-10,17.34
PRJ-0185,April,2026-04-15,25.06,24.88,162365.47,803052.54,23.08,2030-11-10,16.42
PRJ-0185,May,2026-05-15,33.41,31.18,203407.79,767835.33,17.68,2031-01-10,17.66
PRJ-0185,June,2026-06-15,41.77,42.47,277083.86,1146508.65,75.72,2032-04-10,32.96
PRJ-0185,July,2026-07-15,50.12,55.34,361091.1,604419.81,-7.36,2029-09-10,1.97
PRJ-0186,Feb,2026-02-15,1.83,5.6,62407.12,1396691.08,25.44,2032-08-27,20.16
PRJ-0186,March,2026-03-15,0.6,0.0,0.0,1313235.24,17.94,2032-08-27,19.77
PRJ-0186,April,2026-04-15,5.48,10.63,118323.13,1264274.68,13.55,2032-04-27,15.66
PRJ-0186,May,2026-05-15,0.3,0.98,10899.0,1191761.52,7.03,2032-04-27,16.21
PRJ-0186,June,2026-06-15,0.22,3.17,35282.47,2240006.22,101.18,2034-11-27,47.34
PRJ-0186,July,2026-07-15,3.69,0.0,0.0,606267.95,-45.55,2030-12-27,0.0
PRJ-0187,Feb,2026-02-15,20.37,18.57,40238.97,247433.15,14.17,2034-02-20,13.49
PRJ-0187,March,2026-03-15,40.75,32.5,70439.05,240673.76,11.05,2034-03-20,13.55
PRJ-0187,April,2026-04-15,61.12,57.91,125504.19,239326.93,10.43,2033-07-20,5.96
PRJ-0187,May,2026-05-15,81.49,88.54,191889.21,237796.31,9.73,2033-11-20,9.81
PRJ-0187,June,2026-06-15,100.0,98.58,213643.63,294467.44,35.88,2033-11-20,10.49
PRJ-0187,July,2026-07-15,100.0,100.0,216716.22,210249.94,-2.98,2033-01-20,0.0
PRJ-0188,Feb,2026-02-15,24.72,24.45,67072.99,768019.73,180.0,2035-03-12,76.2
PRJ-0188,March,2026-03-15,49.44,42.05,115345.81,768019.73,180.0,2034-07-12,68.44
PRJ-0188,April,2026-04-15,74.16,81.01,222191.03,760628.43,177.31,2034-05-12,65.65
PRJ-0188,May,2026-05-15,98.88,99.02,271597.86,702702.86,156.19,2033-01-12,49.59
PRJ-0188,June,2026-06-15,100.0,100.0,274292.76,641687.83,133.94,2032-12-12,48.57
PRJ-0188,July,2026-07-15,100.0,98.48,270110.83,129431.5,-52.81,2028-11-12,0.0
PRJ-0189,Feb,2026-02-15,17.55,20.97,136839.79,1039579.31,59.32,2031-05-20,28.0
PRJ-0189,March,2026-03-15,35.1,33.28,217153.87,1011004.33,54.94,2031-04-20,26.74
PRJ-0189,April,2026-04-15,52.65,54.87,358037.42,989516.27,51.64,2030-11-20,22.26
PRJ-0189,May,2026-05-15,70.2,76.17,496999.77,954375.68,46.26,2030-07-20,18.1
PRJ-0189,June,2026-06-15,87.75,86.98,567580.29,1048781.49,60.73,2030-12-20,22.6
PRJ-0189,July,2026-07-15,100.0,100.0,652527.65,728826.04,11.69,2029-04-20,2.54
PRJ-0190,Feb,2026-02-15,13.53,17.51,109590.46,739214.15,18.1,2033-10-02,17.13
PRJ-0190,March,2026-03-15,27.07,25.91,162189.38,743496.6,18.79,2033-08-02,15.31
PRJ-0190,April,2026-04-15,40.6,44.22,276755.46,736886.78,17.73,2033-05-02,11.95
PRJ-0190,May,2026-05-15,54.13,52.87,330920.13,760551.97,21.51,2033-06-02,13.07
PRJ-0190,June,2026-06-15,67.67,67.76,424131.95,757357.28,21.0,2033-04-02,10.63
PRJ-0190,July,2026-07-15,81.2,84.77,530619.59,735323.73,17.48,2032-12-02,7.05
PRJ-0191,Feb,2026-02-15,16.12,15.17,38234.79,311741.68,23.7,2032-03-26,18.02
PRJ-0191,March,2026-03-15,32.25,28.1,70810.82,300171.26,19.11,2031-11-26,13.76
PRJ-0191,April,2026-04-15,48.37,48.24,121558.32,301888.77,19.79,2031-09-26,12.15
PRJ-0191,May,2026-05-15,64.49,70.7,178159.57,292314.57,15.99,2031-09-26,12.37
PRJ-0191,June,2026-06-15,80.61,78.63,198161.42,341303.36,35.43,2032-03-26,18.36
PRJ-0191,July,2026-07-15,96.74,95.67,241086.7,237553.11,-5.74,2030-09-26,0.0
PRJ-0192,Feb,2026-02-15,1.69,0.0,0.0,7924.48,-3.0,2030-03-23,8.78
PRJ-0192,March,2026-03-15,3.38,5.29,432.17,7814.14,-4.35,2030-03-23,9.43
PRJ-0192,April,2026-04-15,5.07,5.28,431.24,7749.34,-5.14,2030-01-23,7.3
PRJ-0192,May,2026-05-15,6.76,11.29,922.22,7830.77,-4.14,2030-04-23,9.58
PRJ-0192,June,2026-06-15,8.45,9.95,812.68,9747.64,19.32,2030-08-23,13.69
PRJ-0192,July,2026-07-15,10.15,22.55,1842.38,6873.64,-15.86,2029-11-23,4.99
PRJ-0193,Feb,2026-02-15,6.79,17.08,220947.71,1393056.52,7.67,2032-07-07,15.11
PRJ-0193,March,2026-03-15,13.58,14.71,190267.17,1341731.85,3.7,2032-01-07,9.1
PRJ-0193,April,2026-04-15,20.37,16.54,214051.65,1378573.0,6.55,2032-04-07,12.0
PRJ-0193,May,2026-05-15,27.16,24.97,323082.13,1321140.13,2.11,2032-04-07,12.45
PRJ-0193,June,2026-06-15,33.95,31.71,410262.76,1595193.31,23.29,2032-06-07,13.79
PRJ-0193,July,2026-07-15,40.73,35.73,462285.84,1177512.35,-8.99,2031-08-07,4.19
PRJ-0194,Feb,2026-02-15,17.97,21.93,24959.47,130813.67,14.95,2031-03-17,19.27
PRJ-0194,March,2026-03-15,35.94,34.55,39322.97,127855.72,12.35,2030-11-17,14.54
PRJ-0194,April,2026-04-15,53.91,56.17,63927.75,126599.89,11.24,2030-08-17,11.91
PRJ-0194,May,2026-05-15,71.88,74.08,84302.38,127430.24,11.97,2030-07-17,11.09
PRJ-0194,June,2026-06-15,89.84,89.6,101964.79,179069.64,57.35,2031-04-17,20.23
PRJ-0194,July,2026-07-15,100.0,100.0,113803.73,101974.54,-10.39,2029-08-17,0.0
PRJ-0195,Feb,2026-02-15,60.23,58.49,574035.27,1169865.61,19.2,2032-02-11,13.52
PRJ-0195,March,2026-03-15,100.0,100.0,981389.81,1163722.28,18.58,2031-07-11,6.83
PRJ-0195,April,2026-04-15,100.0,92.87,911368.63,1140695.37,16.23,2031-02-11,2.44
PRJ-0195,May,2026-05-15,100.0,100.0,981389.81,1103927.04,12.49,2031-02-11,1.65
PRJ-0195,June,2026-06-15,100.0,100.0,981389.81,1277386.33,30.16,2031-10-11,10.07
PRJ-0195,July,2026-07-15,100.0,100.0,981389.81,998769.99,1.77,2030-12-11,0.0
PRJ-0196,Feb,2026-02-15,26.27,27.8,1895.0,9011.7,32.19,2037-01-08,18.48
PRJ-0196,March,2026-03-15,52.53,50.21,3423.06,8935.76,31.08,2037-03-08,19.69
PRJ-0196,April,2026-04-15,78.8,82.03,5591.75,8289.74,21.6,2036-07-08,11.57
PRJ-0196,May,2026-05-15,100.0,96.64,6587.83,8071.38,18.4,2036-04-08,8.59
PRJ-0196,June,2026-06-15,100.0,98.97,6746.51,12045.02,76.69,2037-10-08,26.91
PRJ-0196,July,2026-07-15,100.0,98.61,6722.58,4923.56,-27.78,2035-07-08,0.0
PRJ-0197,Feb,2026-02-15,31.1,31.61,352814.98,1407576.0,26.11,2033-01-10,16.08
PRJ-0197,March,2026-03-15,62.21,55.11,615145.89,1403834.54,25.77,2032-12-10,14.93
PRJ-0197,April,2026-04-15,93.31,93.08,1038961.11,1382668.99,23.88,2032-05-10,8.38
PRJ-0197,May,2026-05-15,100.0,100.0,1116172.84,1334350.38,19.55,2032-01-10,4.5
PRJ-0197,June,2026-06-15,100.0,100.0,1116172.84,1514320.94,35.67,2032-12-10,15.46
PRJ-0197,July,2026-07-15,100.0,97.85,1092209.14,1172850.23,5.08,2031-12-10,2.62
PRJ-0198,Feb,2026-02-15,10.18,14.85,137419.37,1051372.24,13.6,2033-08-15,13.0
PRJ-0198,March,2026-03-15,20.35,23.24,215072.89,1010950.63,9.23,2033-10-15,14.96
PRJ-0198,April,2026-04-15,30.53,30.62,283424.96,981252.71,6.02,2033-03-15,7.68
PRJ-0198,May,2026-05-15,40.7,44.05,407695.77,959981.73,3.72,2033-03-15,7.55
PRJ-0198,June,2026-06-15,50.88,46.36,429062.3,1476307.02,59.51,2034-08-15,25.43
PRJ-0198,July,2026-07-15,61.05,61.34,567766.95,699725.11,-24.4,2032-07-15,0.0
PRJ-0199,Feb,2026-02-15,15.03,14.65,146148.54,1131189.33,13.41,2030-02-25,14.82
PRJ-0199,March,2026-03-15,30.07,19.38,193279.27,1102002.47,10.49,2029-11-25,12.47
PRJ-0199,April,2026-04-15,45.1,51.05,509144.8,1080923.78,8.37,2029-10-25,11.45
PRJ-0199,May,2026-05-15,60.14,65.11,649366.68,1055031.44,5.78,2029-05-25,6.28
PRJ-0199,June,2026-06-15,75.17,75.96,757626.39,1164920.07,16.8,2029-07-25,8.45
PRJ-0199,July,2026-07-15,90.21,91.57,913304.77,1008732.94,1.14,2029-01-25,1.98
PRJ-0200,Feb,2026-02-15,26.04,31.0,275037.59,1167124.89,31.55,2031-06-15,19.74
PRJ-0200,March,2026-03-15,52.09,58.98,523219.5,1105424.0,24.6,2031-04-15,17.6
PRJ-0200,April,2026-04-15,78.13,76.32,677092.54,1074176.56,21.08,2030-11-15,12.93
PRJ-0200,May,2026-05-15,100.0,100.0,887184.27,1053844.15,18.79,2030-04-15,5.93
PRJ-0200,June,2026-06-15,100.0,99.91,886413.89,1488380.51,67.76,2031-08-15,22.39
PRJ-0200,July,2026-07-15,100.0,100.0,887184.27,729993.4,-17.72,2029-10-15,0.0
PRJ-0201,Feb,2026-02-15,26.38,21.44,7316.47,49139.5,43.97,2036-12-28,25.57
PRJ-0201,March,2026-03-15,52.76,63.13,21547.92,46870.38,37.33,2036-08-28,21.65
PRJ-0201,April,2026-04-15,79.14,80.14,27350.84,45979.6,34.72,2036-01-28,14.98
PRJ-0201,May,2026-05-15,100.0,93.04,31756.82,43906.35,28.64,2035-06-28,8.28
PRJ-0201,June,2026-06-15,100.0,91.58,31256.39,61353.7,79.76,2037-01-28,26.83
PRJ-0201,July,2026-07-15,100.0,99.14,33836.84,32179.99,-5.72,2034-10-28,0.0
PRJ-0202,Feb,2026-02-15,17.16,14.09,163563.26,1785345.71,53.82,2030-10-26,27.24
PRJ-0202,March,2026-03-15,34.33,32.65,378944.86,1743502.95,50.21,2030-06-26,23.27
PRJ-0202,April,2026-04-15,51.49,51.96,603130.08,1669046.81,43.8,2029-12-26,17.21
PRJ-0202,May,2026-05-15,68.66,72.13,837165.99,1612976.75,38.97,2030-01-26,18.3
PRJ-0202,June,2026-06-15,85.82,90.82,1054170.61,2355226.41,102.92,2031-12-26,40.62
PRJ-0202,July,2026-07-15,100.0,100.0,1160673.67,1156990.9,-0.32,2028-07-26,0.22
PRJ-0203,Feb,2026-02-15,3.65,0.9,18036.93,2209275.51,10.46,2034-02-26,16.05
PRJ-0203,March,2026-03-15,7.3,0.0,0.0,2231832.76,11.59,2033-10-26,12.27
PRJ-0203,April,2026-04-15,10.95,7.42,148335.88,2189863.29,9.49,2034-01-26,14.84
PRJ-0203,May,2026-05-15,14.6,18.86,377187.2,2212464.81,10.62,2034-01-26,15.47
PRJ-0203,June,2026-06-15,18.25,20.68,413627.76,2549979.78,27.5,2034-06-26,19.85
PRJ-0203,July,2026-07-15,21.9,25.58,511500.3,2031101.64,1.56,2033-09-26,10.67
PRJ-0204,Feb,2026-02-15,31.72,25.92,74265.5,451646.14,57.64,2035-03-07,31.19
PRJ-0204,March,2026-03-15,63.44,58.88,168690.79,419464.73,46.41,2034-04-07,20.16
PRJ-0204,April,2026-04-15,95.17,88.93,254794.21,402737.47,40.57,2033-12-07,16.08
PRJ-0204,May,2026-05-15,100.0,100.0,286500.02,390634.38,36.35,2033-08-07,11.85
PRJ-0204,June,2026-06-15,100.0,99.88,286151.32,627647.61,119.07,2036-05-07,45.05
PRJ-0204,July,2026-07-15,100.0,96.17,275533.44,155934.74,-45.57,2032-08-07,0.0
PRJ-0205,Feb,2026-02-15,9.51,8.56,92890.79,1271097.03,17.15,2033-06-27,15.96
PRJ-0205,March,2026-03-15,19.01,18.98,205966.51,1234708.07,13.8,2033-01-27,11.07
PRJ-0205,April,2026-04-15,28.52,26.72,289860.66,1228568.49,13.23,2033-06-27,15.73
PRJ-0205,May,2026-05-15,38.03,42.71,463358.72,1208149.41,11.35,2032-11-27,9.39
PRJ-0205,June,2026-06-15,47.53,42.56,461801.09,1398267.78,28.87,2033-05-27,14.99
PRJ-0205,July,2026-07-15,57.04,62.99,683423.99,1098189.15,1.22,2032-05-27,3.28
PRJ-0206,Feb,2026-02-15,0.09,3.47,51622.01,1764289.12,18.6,2032-05-02,19.07
PRJ-0206,March,2026-03-15,0.18,0.33,4981.19,1715336.32,15.31,2032-04-02,18.1
PRJ-0206,April,2026-04-15,0.28,3.42,50892.78,1720286.17,15.65,2032-06-02,19.87
PRJ-0206,May,2026-05-15,0.13,0.0,0.0,1632741.84,9.76,2032-01-02,14.93
PRJ-0206,June,2026-06-15,0.46,0.0,0.0,1986514.87,33.54,2032-12-02,26.22
PRJ-0206,July,2026-07-15,0.55,0.0,0.0,1355505.37,-8.88,2031-08-02,10.11
PRJ-0207,Feb,2026-02-15,19.37,21.86,1705.01,11633.19,49.18,2032-06-07,25.63
PRJ-0207,March,2026-03-15,38.74,34.41,2683.56,11013.79,41.24,2032-02-07,21.66
PRJ-0207,April,2026-04-15,58.11,64.84,5056.66,10539.7,35.16,2031-10-07,18.5
PRJ-0207,May,2026-05-15,77.48,77.35,6031.84,10156.83,30.25,2031-07-07,15.5
PRJ-0207,June,2026-06-15,96.85,96.29,7508.67,13150.7,68.64,2032-02-07,22.22
PRJ-0207,July,2026-07-15,100.0,100.0,7798.08,7529.64,-3.44,2030-04-07,0.0
PRJ-0208,Feb,2026-02-15,13.8,12.37,2117.45,19493.92,13.9,2033-08-24,14.3
PRJ-0208,March,2026-03-15,27.61,27.92,4778.31,19048.22,11.29,2033-06-24,12.28
PRJ-0208,April,2026-04-15,41.41,42.21,7223.81,19292.98,12.72,2033-07-24,12.98
PRJ-0208,May,2026-05-15,55.22,57.43,9828.71,19539.99,14.17,2033-04-24,9.85
PRJ-0208,June,2026-06-15,69.02,64.84,11098.21,19198.64,12.17,2033-01-24,6.79
PRJ-0208,July,2026-07-15,82.82,79.68,13637.16,19333.58,12.96,2033-01-24,6.79
PRJ-0209,Feb,2026-02-15,16.43,12.06,36225.29,320891.94,6.82,2030-09-11,13.26
PRJ-0209,March,2026-03-15,32.87,31.26,93895.45,321557.22,7.04,2030-06-11,10.09
PRJ-0209,April,2026-04-15,49.3,42.06,126353.27,311342.65,3.64,2030-07-11,11.29
PRJ-0209,May,2026-05-15,65.74,54.91,164957.29,303999.08,1.19,2029-12-11,4.33
PRJ-0209,June,2026-06-15,82.17,81.11,243665.84,391281.34,30.25,2030-08-11,11.89
PRJ-0209,July,2026-07-15,98.6,98.15,294864.26,229060.39,-23.75,2029-08-11,0.0
PRJ-0210,Feb,2026-02-15,9.15,6.58,3482.46,55924.15,5.63,2035-09-21,12.6
PRJ-0210,March,2026-03-15,18.29,20.49,10846.78,53267.94,0.61,2035-10-21,13.56
PRJ-0210,April,2026-04-15,27.44,21.37,11313.39,53192.64,0.47,2035-02-21,6.1
PRJ-0210,May,2026-05-15,36.59,35.52,18803.97,51587.81,-2.56,2034-11-21,3.27
PRJ-0210,June,2026-06-15,45.74,41.39,21914.41,64980.74,22.73,2036-01-21,17.45
PRJ-0210,July,2026-07-15,54.88,53.89,28532.3,46062.39,-13.0,2034-10-21,1.74
PRJ-0211,Feb,2026-02-15,13.26,11.96,2108.29,21903.16,24.23,2034-09-04,20.79
PRJ-0211,March,2026-03-15,26.52,33.46,5898.86,21416.63,21.47,2034-02-04,13.68
PRJ-0211,April,2026-04-15,39.77,35.71,6295.93,21765.24,23.45,2034-03-04,15.43
PRJ-0211,May,2026-05-15,53.03,51.66,9108.02,20821.64,18.09,2034-02-04,13.57
PRJ-0211,June,2026-06-15,66.29,71.05,12527.67,24671.33,39.93,2034-05-04,17.21
PRJ-0211,July,2026-07-15,79.55,76.42,13474.09,18997.0,7.75,2033-03-04,3.18
PRJ-0212,Feb,2026-02-15,7.35,11.83,53552.3,714258.72,57.83,2031-07-20,30.19
PRJ-0212,March,2026-03-15,14.69,16.53,74810.49,676492.34,49.48,2030-12-20,22.92
PRJ-0212,April,2026-04-15,22.04,21.18,95863.47,675396.64,49.24,2031-07-20,30.25
PRJ-0212,May,2026-05-15,29.38,33.06,149593.57,637856.74,40.95,2030-12-20,22.6
PRJ-0212,June,2026-06-15,36.73,31.25,141419.31,749408.92,65.6,2031-09-20,31.74
PRJ-0212,July,2026-07-15,44.07,51.21,231774.38,511168.35,12.95,2030-02-20,13.26
PRJ-0213,Feb,2026-02-15,13.56,15.66,35541.09,290314.89,27.9,2032-04-15,20.8
PRJ-0213,March,2026-03-15,27.11,29.76,67545.97,282192.85,24.32,2031-12-15,17.23
PRJ-0213,April,2026-04-15,40.67,43.46,98640.46,277807.98,22.39,2031-10-15,14.67
PRJ-0213,May,2026-05-15,54.23,56.63,128540.91,271413.69,19.57,2031-07-15,12.21
PRJ-0213,June,2026-06-15,67.79,65.97,149747.65,308351.51,35.85,2031-09-15,13.99
PRJ-0213,July,2026-07-15,81.34,87.53,198684.63,250764.89,10.48,2031-03-15,7.67
PRJ-0214,Feb,2026-02-15,13.52,13.33,18077.14,173247.39,27.77,2033-10-04,23.63
PRJ-0214,March,2026-03-15,27.05,29.12,39481.94,165090.26,21.75,2033-07-04,20.51
PRJ-0214,April,2026-04-15,40.57,39.51,53575.3,166453.3,22.76,2032-11-04,12.76
PRJ-0214,May,2026-05-15,54.09,51.01,69165.96,167201.15,23.31,2032-11-04,13.48
PRJ-0214,June,2026-06-15,67.61,73.84,100122.78,176882.37,30.45,2033-03-04,16.85
PRJ-0214,July,2026-07-15,81.14,76.52,103754.59,153048.11,12.87,2032-08-04,9.84
PRJ-0215,Feb,2026-02-15,4.94,7.92,127465.18,1846311.65,14.71,2032-06-27,15.81
PRJ-0215,March,2026-03-15,9.88,6.99,112511.33,1820960.92,13.14,2032-06-27,15.54
PRJ-0215,April,2026-04-15,14.83,13.43,216184.11,1807422.89,12.3,2032-05-27,15.29
PRJ-0215,May,2026-05-15,19.77,25.85,416024.56,1656828.2,2.94,2031-12-27,9.7
PRJ-0215,June,2026-06-15,24.71,24.22,389769.2,2079982.1,29.23,2032-10-27,20.49
PRJ-0215,July,2026-07-15,29.65,27.84,448111.26,1378699.33,-14.34,2031-08-27,5.61
PRJ-0216,Feb,2026-02-15,6.23,1.93,10516.64,658057.56,20.74,2033-11-14,19.01
PRJ-0216,March,2026-03-15,12.46,10.3,56116.76,649437.48,19.16,2033-09-14,17.1
PRJ-0216,April,2026-04-15,18.68,16.22,88401.85,639164.95,17.27,2033-08-14,15.55
PRJ-0216,May,2026-05-15,24.91,34.3,186925.86,620197.18,13.79,2033-08-14,15.96
PRJ-0216,June,2026-06-15,31.14,35.83,195285.77,699503.92,28.34,2033-06-14,14.22
PRJ-0216,July,2026-07-15,37.37,35.77,194973.45,536581.72,-1.55,2032-08-14,4.22
PRJ-0217,Feb,2026-02-15,17.33,18.72,101899.98,667640.66,22.65,2032-04-07,16.81
PRJ-0217,March,2026-03-15,34.66,34.24,186412.76,667819.65,22.68,2032-06-07,19.33
PRJ-0217,April,2026-04-15,51.99,54.96,299174.24,639061.36,17.4,2031-11-07,11.73
PRJ-0217,May,2026-05-15,69.32,71.85,391101.23,628088.98,15.38,2031-07-07,8.47
PRJ-0217,June,2026-06-15,86.65,74.4,404975.22,755935.05,38.87,2032-05-07,17.75
PRJ-0217,July,2026-07-15,100.0,100.0,544352.49,547210.42,0.53,2030-11-07,0.15
PRJ-0218,Feb,2026-02-15,0.99,2.92,19645.58,919734.58,36.51,2036-07-28,23.49
PRJ-0218,March,2026-03-15,1.33,0.0,0.0,908451.79,34.83,2036-10-28,26.21
PRJ-0218,April,2026-04-15,3.26,7.9,53213.2,894643.45,32.78,2036-07-28,22.68
PRJ-0218,May,2026-05-15,0.82,0.0,0.0,879217.24,30.49,2036-08-28,24.09
PRJ-0218,June,2026-06-15,5.44,3.49,23528.56,998414.54,48.18,2036-12-28,28.21
PRJ-0218,July,2026-07-15,6.53,0.0,0.0,804621.51,19.42,2036-02-28,17.55
PRJ-0219,Feb,2026-02-15,1.98,1.83,21948.41,1350849.1,12.93,2036-08-11,18.28
PRJ-0219,March,2026-03-15,3.96,2.46,29457.37,1319765.88,10.33,2036-02-11,12.38
PRJ-0219,April,2026-04-15,5.94,5.57,66643.32,1325135.39,10.78,2036-03-11,13.36
PRJ-0219,May,2026-05-15,7.92,3.11,37162.17,1281587.2,7.14,2036-01-11,11.48
PRJ-0219,June,2026-06-15,9.9,5.63,67395.95,1811647.4,51.46,2037-10-11,31.54
PRJ-0219,July,2026-07-15,11.88,13.75,164431.63,945211.01,-20.98,2035-04-11,1.56
PRJ-0220,Feb,2026-02-15,58.42,56.05,1121012.5,2176597.64,8.83,2029-02-19,9.45
PRJ-0220,March,2026-03-15,100.0,93.48,1869629.11,2186953.84,9.35,2028-07-19,1.59
PRJ-0220,April,2026-04-15,100.0,98.33,1966632.94,2082175.88,4.11,2028-06-19,0.77
PRJ-0220,May,2026-05-15,100.0,100.0,2000000.0,2016783.07,0.84,2028-05-19,0.0
PRJ-0220,June,2026-06-15,100.0,100.0,2000000.0,2721399.93,36.07,2029-06-19,12.56
PRJ-0220,July,2026-07-15,100.0,94.61,1892105.95,1590591.61,-20.47,2028-05-19,0.0
PRJ-0221,Feb,2026-02-15,16.2,21.96,97034.13,514173.06,16.36,2029-08-11,14.91
PRJ-0221,March,2026-03-15,32.39,30.2,133445.22,507628.05,14.88,2029-06-11,12.94
PRJ-0221,April,2026-04-15,48.59,45.26,200007.83,509227.12,15.24,2028-12-11,7.46
PRJ-0221,May,2026-05-15,64.78,66.22,292613.48,503563.37,13.96,2029-02-11,9.39
PRJ-0221,June,2026-06-15,80.98,88.8,392379.84,510615.38,15.56,2029-02-11,9.25
PRJ-0221,July,2026-07-15,97.17,100.0,441869.54,510291.74,15.48,2029-02-11,9.18
PRJ-0222,Feb,2026-02-15,11.56,14.05,61800.15,512435.69,16.47,2029-09-01,14.94
PRJ-0222,March,2026-03-15,23.12,13.7,60287.43,511811.5,16.33,2029-12-01,18.39
PRJ-0222,April,2026-04-15,34.69,36.51,160619.01,509023.9,15.7,2029-10-01,16.25
PRJ-0222,May,2026-05-15,46.25,52.02,228886.73,508677.38,15.62,2029-03-01,9.43
PRJ-0222,June,2026-06-15,57.81,62.16,273467.23,640433.16,45.57,2030-03-01,21.43
PRJ-0222,July,2026-07-15,69.37,64.7,284637.17,458801.7,4.28,2028-11-01,4.6
PRJ-0223,Feb,2026-02-15,43.55,49.98,74651.11,169935.46,13.79,2035-08-25,10.48
PRJ-0223,March,2026-03-15,87.09,82.2,122770.48,167416.84,12.1,2035-02-25,3.61
PRJ-0223,April,2026-04-15,100.0,95.55,142702.82,163007.98,9.15,2035-03-25,4.68
PRJ-0223,May,2026-05-15,100.0,95.15,142101.23,153701.03,2.91,2034-10-25,0.0
PRJ-0223,June,2026-06-15,100.0,98.89,147690.91,271692.81,81.92,2037-03-25,28.74
PRJ-0223,July,2026-07-15,100.0,100.0,149347.79,103792.34,-30.5,2034-10-25,0.0
PRJ-0224,Feb,2026-02-15,1.3,0.6,1821.19,441784.77,44.6,2034-10-05,24.54
PRJ-0224,March,2026-03-15,2.07,0.47,1425.74,428376.04,40.21,2034-10-05,25.04
PRJ-0224,April,2026-04-15,3.49,0.85,2581.76,417886.49,36.78,2034-12-05,27.41
PRJ-0224,May,2026-05-15,5.19,1.97,6007.62,407231.27,33.29,2034-08-05,23.22
PRJ-0224,June,2026-06-15,2.85,7.71,23566.94,450721.72,47.52,2034-12-05,27.09
PRJ-0224,July,2026-07-15,0.54,0.71,2156.32,312993.46,2.44,2034-01-05,15.77
PRJ-0225,Feb,2026-02-15,13.4,13.72,159541.68,1418103.5,21.92,2037-04-06,17.25
PRJ-0225,March,2026-03-15,26.8,21.95,255343.15,1383477.47,18.94,2037-04-06,16.53
PRJ-0225,April,2026-04-15,40.21,44.6,518765.24,1379585.52,18.61,2036-10-06,11.1
PRJ-0225,May,2026-05-15,53.61,58.21,677078.87,1399783.73,20.34,2036-07-06,8.38
PRJ-0225,June,2026-06-15,67.01,65.31,759666.66,1571870.11,35.14,2037-04-06,16.54
PRJ-0225,July,2026-07-15,80.41,83.32,969128.7,1336801.14,14.93,2036-07-06,8.12
PRJ-0226,Feb,2026-02-15,27.05,30.66,491264.43,1811151.97,13.02,2036-09-16,9.7
PRJ-0226,March,2026-03-15,54.1,51.8,830190.26,1848153.24,15.33,2037-01-16,13.86
PRJ-0226,April,2026-04-15,81.15,85.4,1368528.37,1802940.91,12.5,2036-04-16,5.26
PRJ-0226,May,2026-05-15,100.0,98.99,1586320.76,1825956.58,13.94,2036-07-16,8.04
PRJ-0226,June,2026-06-15,100.0,100.0,1602550.79,1830374.43,14.22,2035-12-16,0.65
PRJ-0226,July,2026-07-15,100.0,100.0,1602550.79,1779951.94,11.07,2036-03-16,4.32
PRJ-0227,Feb,2026-02-15,4.57,3.23,312.29,11710.46,21.26,2036-03-18,17.07
PRJ-0227,March,2026-03-15,9.14,14.05,1356.66,11571.28,19.82,2036-06-18,19.92
PRJ-0227,April,2026-04-15,13.71,17.21,1662.06,11400.16,18.05,2036-04-18,18.41
PRJ-0227,May,2026-05-15,18.28,15.51,1497.32,11237.94,16.37,2035-12-18,14.27
PRJ-0227,June,2026-06-15,22.85,22.68,2190.02,14070.64,45.7,2036-09-18,23.16
PRJ-0227,July,2026-07-15,27.42,30.74,2968.87,9531.12,-1.3,2035-05-18,7.16
PRJ-0228,Feb,2026-02-15,16.75,21.71,112284.07,792835.17,53.28,2031-04-28,25.98
PRJ-0228,March,2026-03-15,33.5,37.63,194633.58,776367.65,50.09,2031-03-28,25.14
PRJ-0228,April,2026-04-15,50.25,51.93,268594.47,752047.59,45.39,2031-01-28,22.55
PRJ-0228,May,2026-05-15,67.0,69.25,358195.23,720089.07,39.21,2030-06-28,15.72
PRJ-0228,June,2026-06-15,83.75,88.42,457368.77,918827.7,77.63,2031-07-28,29.49
PRJ-0228,July,2026-07-15,100.0,99.54,514882.06,549339.48,6.2,2029-05-28,2.56
PRJ-0229,Feb,2026-02-15,2.05,0.0,0.0,146466.82,51.08,2037-11-13,29.67
PRJ-0229,March,2026-03-15,4.11,3.35,3244.91,142508.28,47.0,2037-08-13,27.11
PRJ-0229,April,2026-04-15,6.16,16.2,15701.4,135675.46,39.95,2037-05-13,23.7
PRJ-0229,May,2026-05-15,3.82,16.99,16473.65,128876.63,32.94,2037-05-13,23.91
PRJ-0229,June,2026-06-15,4.25,7.62,7388.64,200812.37,107.14,2039-04-13,47.17
PRJ-0229,July,2026-07-15,3.62,2.78,2690.99,92620.28,-4.46,2036-02-13,9.12
PRJ-0230,Feb,2026-02-15,25.89,28.34,282157.06,1122827.27,12.78,2033-02-04,15.78
PRJ-0230,March,2026-03-15,51.79,58.99,587370.31,1136331.93,14.13,2032-10-04,12.43
PRJ-0230,April,2026-04-15,77.68,78.69,783444.6,1142071.54,14.71,2032-06-04,8.1
PRJ-0230,May,2026-05-15,100.0,99.64,992044.91,1125896.48,13.08,2032-03-04,5.02
PRJ-0230,June,2026-06-15,100.0,100.0,995632.06,1259963.35,26.55,2032-07-04,9.33
PRJ-0230,July,2026-07-15,100.0,100.0,995632.06,1100662.71,10.55,2032-02-04,4.03
PRJ-0231,Feb,2026-02-15,5.49,11.67,66672.86,648434.75,13.51,2030-05-06,18.84
PRJ-0231,March,2026-03-15,10.99,10.56,60322.43,642784.25,12.52,2030-02-06,16.3
PRJ-0231,April,2026-04-15,16.48,15.72,89821.59,629713.12,10.23,2029-12-06,14.28
PRJ-0231,May,2026-05-15,21.98,22.99,131322.37,612152.29,7.16,2029-10-06,12.28
PRJ-0231,June,2026-06-15,27.47,25.0,142799.37,728162.3,27.46,2030-06-06,19.74
PRJ-0231,July,2026-07-15,32.97,30.68,175253.02,542030.03,-5.12,2029-03-06,5.19
PRJ-0232,Feb,2026-02-15,37.22,36.46,183006.05,828708.6,65.12,2037-12-25,28.3
PRJ-0232,March,2026-03-15,74.43,77.82,390564.13,808559.73,61.11,2037-10-25,25.93
PRJ-0232,April,2026-04-15,100.0,100.0,501872.36,775620.97,54.55,2037-02-25,18.04
PRJ-0232,May,2026-05-15,100.0,100.0,501872.36,734724.45,46.4,2037-02-25,17.77
PRJ-0232,June,2026-06-15,100.0,100.0,501872.36,1050590.46,109.33,2038-10-25,37.67
PRJ-0232,July,2026-07-15,100.0,100.0,501872.36,472855.77,-5.78,2035-08-25,0.0
PRJ-0233,Feb,2026-02-15,19.76,22.37,19518.79,158877.65,82.05,2032-11-19,38.21
PRJ-0233,March,2026-03-15,39.52,38.79,33855.72,157628.05,80.62,2032-07-19,33.9
PRJ-0233,April,2026-04-15,59.29,54.24,47333.49,153566.48,75.96,2032-06-19,32.55
PRJ-0233,May,2026-05-15,79.05,82.72,72193.96,150184.11,72.09,2031-12-19,27.07
PRJ-0233,June,2026-06-15,98.81,94.32,82316.65,180888.35,107.27,2032-09-19,36.33
PRJ-0233,July,2026-07-15,100.0,100.0,87272.67,125206.5,43.47,2031-04-19,18.55
PRJ-0234,Feb,2026-02-15,0.14,0.0,0.0,128273.19,58.87,2038-03-10,30.65
PRJ-0234,March,2026-03-15,0.27,0.0,0.0,124607.48,54.33,2038-03-10,30.78
PRJ-0234,April,2026-04-15,0.41,0.0,0.0,123032.27,52.38,2038-06-10,33.63
PRJ-0234,May,2026-05-15,0.55,6.12,4937.38,120428.93,49.16,2037-11-10,27.06
PRJ-0234,June,2026-06-15,0.69,5.42,4375.49,140346.96,73.83,2038-12-10,40.02
PRJ-0234,July,2026-07-15,0.82,3.04,2458.14,104579.98,29.53,2037-07-10,23.08
PRJ-0235,Feb,2026-02-15,6.4,0.56,130.81,27103.9,15.09,2030-09-11,17.43
PRJ-0235,March,2026-03-15,12.8,10.44,2458.5,25971.59,10.28,2030-10-11,18.39
PRJ-0235,April,2026-04-15,19.2,16.24,3824.02,25652.02,8.92,2030-07-11,15.12
PRJ-0235,May,2026-05-15,25.6,23.81,5606.9,24753.75,5.11,2030-05-11,13.21
PRJ-0235,June,2026-06-15,32.0,25.75,6064.4,30965.22,31.48,2030-12-11,20.27
PRJ-0235,July,2026-07-15,38.4,44.56,10493.15,20980.43,-10.91,2029-06-11,2.36
PRJ-0236,Feb,2026-02-15,16.16,17.24,45133.65,326263.13,24.64,2036-12-15,18.23
PRJ-0236,March,2026-03-15,32.32,32.52,85119.41,328775.24,25.6,2036-11-15,17.22
PRJ-0236,April,2026-04-15,48.48,46.09,120640.44,330418.3,26.23,2036-08-15,14.25
PRJ-0236,May,2026-05-15,64.64,64.46,168745.36,329633.46,25.93,2036-06-15,12.44
PRJ-0236,June,2026-06-15,80.8,73.55,192515.88,362171.36,38.36,2036-08-15,14.27
PRJ-0236,July,2026-07-15,96.97,93.54,244856.97,312078.08,19.22,2036-04-15,10.35
PRJ-0237,Feb,2026-02-15,0.57,5.85,110559.11,2809258.03,48.52,2037-03-04,31.69
PRJ-0237,March,2026-03-15,1.14,0.0,0.0,2751207.59,45.46,2036-09-04,25.7
PRJ-0237,April,2026-04-15,1.71,1.97,37176.65,2704451.68,42.98,2037-03-04,31.83
PRJ-0237,May,2026-05-15,2.28,10.17,192319.87,2632777.99,39.19,2036-08-04,25.13
PRJ-0237,June,2026-06-15,2.85,9.63,182186.81,3304451.65,74.71,2037-07-04,35.76
PRJ-0237,July,2026-07-15,3.41,0.0,0.0,2080044.2,9.97,2035-08-04,12.62
PRJ-0238,Feb,2026-02-15,4.26,2.86,46759.95,2129223.57,30.27,2032-10-18,23.15
PRJ-0238,March,2026-03-15,8.51,14.0,228790.75,2041687.33,24.91,2032-06-18,19.49
PRJ-0238,April,2026-04-15,12.77,13.0,212486.51,1908571.87,16.77,2032-04-18,16.74
PRJ-0238,May,2026-05-15,17.03,17.62,287978.31,1869450.24,14.37,2032-01-18,14.27
PRJ-0238,June,2026-06-15,21.29,23.97,391821.04,2864672.59,75.26,2033-10-18,34.66
PRJ-0238,July,2026-07-15,25.54,23.69,387259.45,1199432.87,-26.62,2031-01-18,2.09
PRJ-0239,Feb,2026-02-15,33.94,36.69,309125.97,1012890.03,20.22,2037-01-12,16.22
PRJ-0239,March,2026-03-15,67.89,64.38,542429.74,980245.56,16.35,2036-06-12,9.16
PRJ-0239,April,2026-04-15,100.0,95.74,806648.16,981274.41,16.47,2035-11-12,2.02
PRJ-0239,May,2026-05-15,100.0,98.97,833878.92,967112.99,14.79,2036-02-12,5.04
PRJ-0239,June,2026-06-15,100.0,100.0,842524.08,1065881.42,26.51,2036-05-12,8.41
PRJ-0239,July,2026-07-15,100.0,99.35,837077.14,928724.91,10.23,2036-02-12,4.97
PRJ-0240,Feb,2026-02-15,0.22,0.0,0.0,5690.43,20.6,2031-02-05,19.22
PRJ-0240,March,2026-03-15,0.15,6.33,298.85,5626.97,19.25,2030-11-05,15.76
PRJ-0240,April,2026-04-15,2.94,14.15,667.85,5492.8,16.41,2030-12-05,16.84
PRJ-0240,May,2026-05-15,2.07,0.0,0.0,5350.98,13.4,2030-06-05,10.91
PRJ-0240,June,2026-06-15,6.78,10.01,472.54,6208.71,31.58,2031-03-05,20.42
PRJ-0240,July,2026-07-15,1.28,4.98,234.91,4903.13,3.91,2030-05-05,9.71
PRJ-0241,Feb,2026-02-15,8.75,8.15,116089.06,2036253.04,42.94,2033-11-21,27.08
PRJ-0241,March,2026-03-15,17.49,18.32,260962.65,1967716.46,38.13,2033-04-21,20.35
PRJ-0241,April,2026-04-15,26.24,24.92,354924.48,1903268.23,33.61,2033-04-21,20.28
PRJ-0241,May,2026-05-15,34.98,32.11,457375.82,1792920.42,25.86,2033-04-21,19.56
PRJ-0241,June,2026-06-15,43.73,46.74,665857.62,2321175.19,62.94,2033-11-21,26.82
PRJ-0241,July,2026-07-15,52.48,56.79,809029.02,1260274.26,-11.53,2031-10-21,1.89
PRJ-0242,Feb,2026-02-15,26.82,26.38,101451.37,441232.6,14.74,2036-12-15,16.12
PRJ-0242,March,2026-03-15,53.64,58.63,225458.69,439495.43,14.29,2036-09-15,12.83
PRJ-0242,April,2026-04-15,80.46,71.11,273462.51,428068.72,11.32,2035-12-15,4.09
PRJ-0242,May,2026-05-15,100.0,93.8,360703.49,421133.91,9.51,2035-11-15,2.68
PRJ-0242,June,2026-06-15,100.0,100.0,384549.42,513762.9,33.6,2036-07-15,10.61
PRJ-0242,July,2026-07-15,100.0,99.79,383742.7,346963.63,-9.77,2035-08-15,0.0
PRJ-0243,Feb,2026-02-15,8.28,6.68,12429.07,229919.43,23.58,2034-01-03,20.94
PRJ-0243,March,2026-03-15,16.56,19.72,36685.46,227375.28,22.22,2033-10-03,18.18
PRJ-0243,April,2026-04-15,24.84,22.32,41516.43,226242.37,21.61,2033-07-03,15.32
PRJ-0243,May,2026-05-15,33.13,35.67,66359.41,227045.13,22.04,2033-06-03,13.69
PRJ-0243,June,2026-06-15,41.41,31.91,59372.46,244229.6,31.27,2033-09-03,16.83
PRJ-0243,July,2026-07-15,49.69,49.19,91513.81,210694.86,13.25,2033-03-03,10.91
PRJ-0244,Feb,2026-02-15,31.69,31.03,357675.23,1465455.87,27.13,2033-04-21,15.03
PRJ-0244,March,2026-03-15,63.38,58.34,672456.15,1422829.83,23.43,2032-10-21,8.9
PRJ-0244,April,2026-04-15,95.07,100.0,1152746.36,1362827.49,18.22,2032-07-21,6.43
PRJ-0244,May,2026-05-15,100.0,97.95,1129069.12,1341150.11,16.34,2032-03-21,2.14
PRJ-0244,June,2026-06-15,100.0,91.31,1052586.62,1597833.01,38.61,2033-01-21,12.4
PRJ-0244,July,2026-07-15,100.0,100.0,1152746.36,1125265.62,-2.38,2032-01-21,0.0
PRJ-0245,Feb,2026-02-15,12.96,14.16,157068.65,1414987.52,27.61,2034-07-17,20.42
PRJ-0245,March,2026-03-15,25.92,25.39,281532.42,1409073.11,27.07,2034-07-17,19.95
PRJ-0245,April,2026-04-15,38.88,40.62,450423.65,1349833.93,21.73,2033-11-17,11.93
PRJ-0245,May,2026-05-15,51.84,53.35,591621.0,1251141.05,12.83,2033-10-17,11.13
PRJ-0245,June,2026-06-15,64.8,62.7,695310.34,1669977.76,50.6,2034-12-17,24.91
PRJ-0245,July,2026-07-15,77.76,79.45,880980.47,1022434.09,-7.8,2032-12-17,1.13
PRJ-0246,Feb,2026-02-15,23.53,25.34,172847.97,849213.13,24.48,2038-01-21,23.98
PRJ-0246,March,2026-03-15,47.05,41.84,285432.94,833187.45,22.13,2037-03-21,13.71
PRJ-0246,April,2026-04-15,70.58,68.99,470652.86,804846.97,17.98,2036-10-21,9.02
PRJ-0246,May,2026-05-15,94.1,88.53,603920.92,793458.94,16.31,2036-11-21,9.6
PRJ-0246,June,2026-06-15,100.0,99.1,676035.91,1339297.22,96.32,2038-12-21,35.23
PRJ-0246,July,2026-07-15,100.0,100.0,682188.49,591385.67,-13.31,2036-01-21,0.0
PRJ-0247,Feb,2026-02-15,18.49,16.58,126130.22,926567.82,21.81,2030-01-26,18.2
PRJ-0247,March,2026-03-15,36.99,34.55,262795.51,900627.32,18.4,2029-07-26,12.39
PRJ-0247,April,2026-04-15,55.48,53.51,407036.93,876934.66,15.29,2029-03-26,7.78
PRJ-0247,May,2026-05-15,73.97,75.04,570784.81,856549.5,12.61,2029-05-26,10.07
PRJ-0247,June,2026-06-15,92.47,82.07,624260.71,1063732.42,39.84,2029-11-26,16.13
PRJ-0247,July,2026-07-15,100.0,100.0,760664.82,737652.11,-3.03,2028-07-26,0.0
PRJ-0248,Feb,2026-02-15,1.5,0.0,0.0,606863.64,23.04,2033-01-09,17.51
PRJ-0248,March,2026-03-15,3.0,0.0,0.0,609045.18,23.48,2033-05-09,22.15
PRJ-0248,April,2026-04-15,0.42,0.0,0.0,591390.45,19.9,2033-02-09,18.83
PRJ-0248,May,2026-05-15,0.74,0.69,3383.51,574171.29,16.41,2032-10-09,15.49
PRJ-0248,June,2026-06-15,0.71,4.41,21733.9,677940.06,37.45,2033-09-09,25.53
PRJ-0248,July,2026-07-15,7.62,11.03,54386.9,525000.85,6.44,2032-08-09,13.33
PRJ-0249,Feb,2026-02-15,45.84,45.52,288875.11,888434.7,39.99,2032-07-20,19.69
PRJ-0249,March,2026-03-15,91.69,89.59,568558.04,873388.32,37.62,2031-10-20,11.08
PRJ-0249,April,2026-04-15,100.0,100.0,634629.28,828158.93,30.49,2031-11-20,12.34
PRJ-0249,May,2026-05-15,100.0,100.0,634629.28,781699.4,23.17,2031-09-20,9.61
PRJ-0249,June,2026-06-15,100.0,99.34,630417.63,1017111.41,60.27,2032-09-20,21.75
PRJ-0249,July,2026-07-15,100.0,100.0,634629.28,577619.74,-8.98,2030-11-20,0.0
PRJ-0250,Feb,2026-02-15,7.43,5.51,20399.79,476123.73,28.51,2032-12-02,23.01
PRJ-0250,March,2026-03-15,14.87,22.05,81697.72,471436.59,27.24,2032-10-02,21.07
PRJ-0250,April,2026-04-15,22.3,23.26,86170.41,459347.97,23.98,2032-06-02,17.01
PRJ-0250,May,2026-05-15,29.73,24.4,90414.57,455111.71,22.83,2032-04-02,14.78
PRJ-0250,June,2026-06-15,37.16,42.07,155863.74,502767.03,35.7,2032-05-02,15.63
PRJ-0250,July,2026-07-15,44.6,44.04,163160.35,403710.12,8.96,2031-07-02,6.02
PRJ-0251,Feb,2026-02-15,26.5,22.07,17296.7,76357.92,-2.57,2034-08-10,7.09
PRJ-0251,March,2026-03-15,53.0,53.93,42264.0,73044.72,-6.8,2034-03-10,1.68
PRJ-0251,April,2026-04-15,79.51,77.02,60362.82,69884.57,-10.83,2034-01-10,0.0
PRJ-0251,May,2026-05-15,100.0,100.0,78372.01,64134.97,-18.17,2034-01-10,0.0
PRJ-0251,June,2026-06-15,100.0,100.0,78372.01,59760.41,-23.75,2034-01-10,0.0
PRJ-0251,July,2026-07-15,100.0,100.0,78372.01,41381.19,-47.2,2034-01-10,0.0
PRJ-0252,Feb,2026-02-15,7.4,4.9,6627.56,180489.97,33.36,2030-12-07,21.98
PRJ-0252,March,2026-03-15,14.8,13.65,18480.92,176977.51,30.76,2030-12-07,22.05
PRJ-0252,April,2026-04-15,22.2,14.75,19959.55,175610.56,29.75,2030-08-07,18.26
PRJ-0252,May,2026-05-15,29.61,30.58,41391.66,170184.16,25.74,2030-08-07,18.46
PRJ-0252,June,2026-06-15,37.01,33.86,45825.17,205082.82,51.53,2031-04-07,26.09
PRJ-0252,July,2026-07-15,44.41,39.86,53943.51,152745.16,12.86,2030-03-07,12.65
PRJ-0253,Feb,2026-02-15,5.24,3.2,13558.96,500360.54,17.96,2036-09-23,17.21
PRJ-0253,March,2026-03-15,10.48,9.27,39332.72,481781.48,13.58,2036-08-23,15.68
PRJ-0253,April,2026-04-15,15.72,22.75,96480.36,491571.42,15.89,2036-05-23,13.35
PRJ-0253,May,2026-05-15,20.96,17.34,73557.57,486166.98,14.61,2036-05-23,13.47
PRJ-0253,June,2026-06-15,26.2,32.11,136216.17,561942.94,32.48,2036-11-23,18.82
PRJ-0253,July,2026-07-15,31.44,26.81,113732.83,440028.98,3.74,2036-04-23,12.15
PRJ-0254,Feb,2026-02-15,11.31,3.05,7662.16,326630.98,29.81,2030-12-06,20.44
PRJ-0254,March,2026-03-15,22.62,21.75,54724.73,329345.09,30.89,2031-03-06,23.08
PRJ-0254,April,2026-04-15,33.93,29.59,74458.03,319380.24,26.93,2030-09-06,16.77
PRJ-0254,May,2026-05-15,45.24,41.43,104241.14,310598.42,23.44,2030-05-06,12.84
PRJ-0254,June,2026-06-15,56.55,52.64,132447.98,439200.76,74.55,2032-01-06,33.46
PRJ-0254,July,2026-07-15,67.86,67.76,170483.54,232904.13,-7.44,2029-06-06,2.38
PRJ-0255,Feb,2026-02-15,0.1,0.0,0.0,332226.85,43.09,2037-06-22,27.04
PRJ-0255,March,2026-03-15,0.21,0.0,0.0,324938.44,39.95,2037-06-22,27.01
PRJ-0255,April,2026-04-15,0.31,0.0,0.0,316096.76,36.14,2036-12-22,20.74
PRJ-0255,May,2026-05-15,0.41,0.0,0.0,311102.52,33.99,2037-02-22,22.69
PRJ-0255,June,2026-06-15,0.52,6.19,14364.27,387685.34,66.98,2038-02-22,35.3
PRJ-0255,July,2026-07-15,0.62,0.0,0.0,242841.5,4.59,2036-05-22,14.02
PRJ-0256,Feb,2026-02-15,28.87,24.43,126479.37,668482.83,29.13,2032-12-07,23.84
PRJ-0256,March,2026-03-15,57.73,57.48,297540.74,648401.08,25.25,2032-03-07,14.6
PRJ-0256,April,2026-04-15,86.6,85.84,444391.7,646783.2,24.94,2031-10-07,9.97
PRJ-0256,May,2026-05-15,100.0,95.54,494569.54,630849.02,21.86,2031-12-07,11.95
PRJ-0256,June,2026-06-15,100.0,100.0,517677.28,801380.58,54.8,2032-07-07,18.51
PRJ-0256,July,2026-07-15,100.0,98.18,508246.37,510293.98,-1.43,2030-12-07,0.0
PRJ-0257,Feb,2026-02-15,15.53,21.3,111677.61,532425.44,1.54,2031-04-05,8.94
PRJ-0257,March,2026-03-15,31.06,34.94,183192.85,546078.76,4.15,2031-04-05,9.43
PRJ-0257,April,2026-04-15,46.59,41.13,215656.33,531502.72,1.37,2031-04-05,8.61
PRJ-0257,May,2026-05-15,62.11,63.68,333912.33,530378.98,1.15,2030-12-05,5.18
PRJ-0257,June,2026-06-15,77.64,79.53,417003.48,541319.21,3.24,2030-09-05,1.95
PRJ-0257,July,2026-07-15,93.17,96.03,503529.77,513448.29,-2.08,2030-07-05,0.0
PRJ-0258,Feb,2026-02-15,36.27,40.25,202166.5,588687.32,17.22,2029-10-04,13.98
PRJ-0258,March,2026-03-15,72.54,68.3,342989.56,582975.12,16.08,2029-05-04,8.91
PRJ-0258,April,2026-04-15,100.0,99.24,498390.77,557650.42,11.04,2029-02-04,6.17
PRJ-0258,May,2026-05-15,100.0,100.0,502215.88,531118.86,5.76,2029-02-04,6.26
PRJ-0258,June,2026-06-15,100.0,100.0,502215.88,644001.3,28.23,2029-08-04,12.26
PRJ-0258,July,2026-07-15,100.0,94.75,475859.59,435583.01,-13.27,2028-08-04,0.0
PRJ-0259,Feb,2026-02-15,1.64,4.16,629.48,16717.01,10.42,2036-03-10,17.94
PRJ-0259,March,2026-03-15,0.67,0.0,0.0,16745.23,10.61,2035-12-10,14.86
PRJ-0259,April,2026-04-15,4.92,5.61,849.49,15799.88,4.36,2035-10-10,12.96
PRJ-0259,May,2026-05-15,1.36,5.47,828.59,15383.64,1.61,2035-07-10,10.2
PRJ-0259,June,2026-06-15,3.28,0.0,0.0,20467.35,35.19,2036-08-10,23.2
PRJ-0259,July,2026-07-15,6.72,6.53,988.26,12052.2,-20.39,2035-01-10,3.73
PRJ-0260,Feb,2026-02-15,18.78,16.53,102049.13,846060.92,37.06,2032-11-21,22.7
PRJ-0260,March,2026-03-15,37.57,35.92,221733.78,837621.16,35.69,2032-09-21,21.02
PRJ-0260,April,2026-04-15,56.35,59.38,366577.64,806837.37,30.71,2032-03-21,14.83
PRJ-0260,May,2026-05-15,75.13,75.38,465286.2,803916.55,30.23,2032-05-21,16.61
PRJ-0260,June,2026-06-15,93.91,88.01,543276.53,937765.4,51.92,2032-06-21,17.67
PRJ-0260,July,2026-07-15,100.0,94.47,583148.8,676767.66,9.64,2031-05-21,4.62
PRJ-0261,Feb,2026-02-15,43.62,38.33,389691.68,1066193.7,4.86,2030-11-11,10.06
PRJ-0261,March,2026-03-15,87.23,95.39,969842.87,1060924.35,4.34,2030-03-11,2.0
PRJ-0261,April,2026-04-15,100.0,100.0,1016751.15,1070592.41,5.3,2030-02-11,0.81
PRJ-0261,May,2026-05-15,100.0,100.0,1016751.15,1034045.69,1.7,2030-03-11,1.75
PRJ-0261,June,2026-06-15,100.0,95.49,970857.62,1225498.84,20.53,2030-03-11,2.11
PRJ-0261,July,2026-07-15,100.0,98.95,1006102.63,958921.97,-5.69,2030-01-11,0.0
PRJ-0262,Feb,2026-02-15,16.12,25.2,813.93,4434.62,37.3,2031-01-26,23.08
PRJ-0262,March,2026-03-15,32.24,28.92,934.21,4357.17,34.91,2030-07-26,17.0
PRJ-0262,April,2026-04-15,48.37,41.98,1355.74,4175.49,29.28,2030-06-26,16.47
PRJ-0262,May,2026-05-15,64.49,56.67,1830.39,4035.45,24.94,2030-06-26,16.46
PRJ-0262,June,2026-06-15,80.61,74.06,2392.02,4821.33,49.28,2030-11-26,21.37
PRJ-0262,July,2026-07-15,96.73,100.0,3229.8,3434.27,6.33,2029-03-26,1.14
PRJ-0263,Feb,2026-02-15,19.57,22.55,438705.7,2399782.51,23.36,2031-06-18,18.23
PRJ-0263,March,2026-03-15,39.14,33.36,648907.95,2323098.28,19.42,2031-03-18,15.3
PRJ-0263,April,2026-04-15,58.71,57.05,1109872.25,2264660.77,16.41,2031-01-18,13.26
PRJ-0263,May,2026-05-15,78.28,84.85,1650671.12,2173950.27,11.75,2030-07-18,6.68
PRJ-0263,June,2026-06-15,97.85,96.27,1872688.81,2672610.69,37.39,2030-10-18,10.01
PRJ-0263,July,2026-07-15,100.0,100.0,1945337.94,1802820.77,-7.33,2029-12-18,0.0
PRJ-0264,Feb,2026-02-15,58.12,63.83,132997.4,254297.76,22.05,2034-03-13,10.87
PRJ-0264,March,2026-03-15,100.0,100.0,208357.49,250261.17,20.11,2033-09-13,5.4
PRJ-0264,April,2026-04-15,100.0,100.0,208357.49,247693.7,18.88,2033-12-13,7.53
PRJ-0264,May,2026-05-15,100.0,100.0,208357.49,234974.02,12.77,2033-12-13,7.63
PRJ-0264,June,2026-06-15,100.0,100.0,208357.49,267607.44,28.44,2034-01-13,8.73
PRJ-0264,July,2026-07-15,100.0,100.0,208357.49,175880.78,-15.59,2033-04-13,0.0
PRJ-0265,Feb,2026-02-15,16.9,16.62,284489.12,1814958.84,6.06,2036-04-22,11.91
PRJ-0265,March,2026-03-15,33.8,34.36,587937.77,1788158.48,4.5,2035-12-22,8.23
PRJ-0265,April,2026-04-15,50.7,45.06,771082.42,1857795.16,8.57,2035-12-22,7.74
PRJ-0265,May,2026-05-15,67.6,75.76,1296401.77,1758877.54,2.79,2035-06-22,2.22
PRJ-0265,June,2026-06-15,84.5,85.49,1462918.03,2125134.85,24.19,2036-03-22,10.99
PRJ-0265,July,2026-07-15,100.0,100.0,1711217.81,1648775.1,-3.65,2035-04-22,0.0
PRJ-0266,Feb,2026-02-15,4.92,6.54,715.51,10747.75,-1.75,2029-04-14,7.41
PRJ-0266,March,2026-03-15,9.84,4.94,540.06,10924.12,-0.13,2029-06-14,9.07
PRJ-0266,April,2026-04-15,14.76,17.12,1872.32,10945.32,0.06,2029-10-14,12.55
PRJ-0266,May,2026-05-15,19.69,16.6,1815.28,10872.88,-0.6,2029-09-14,12.43
PRJ-0266,June,2026-06-15,24.61,27.59,3018.24,12975.64,18.62,2029-12-14,14.58
PRJ-0266,July,2026-07-15,29.53,31.99,3499.01,9022.66,-17.52,2029-01-14,4.22
PRJ-0267,Feb,2026-02-15,4.12,4.93,24579.04,588098.53,18.05,2033-01-28,19.51
PRJ-0267,March,2026-03-15,8.24,7.71,38412.32,563827.81,13.18,2032-06-28,12.86
PRJ-0267,April,2026-04-15,12.35,18.92,94259.96,570324.63,14.49,2032-08-28,14.64
PRJ-0267,May,2026-05-15,16.47,19.5,97130.32,561516.03,12.72,2032-03-28,10.34
PRJ-0267,June,2026-06-15,20.59,22.05,109833.81,724540.72,45.44,2033-01-28,19.64
PRJ-0267,July,2026-07-15,24.71,29.11,145020.53,445924.22,-10.49,2031-12-28,7.37
PRJ-0268,Feb,2026-02-15,8.99,6.46,11981.53,266887.34,43.88,2031-05-22,28.81
PRJ-0268,March,2026-03-15,17.98,23.5,43585.39,266071.15,43.44,2030-12-22,24.23
PRJ-0268,April,2026-04-15,26.97,32.07,59495.1,253807.92,36.83,2030-11-22,22.74
PRJ-0268,May,2026-05-15,35.96,33.42,61992.61,255080.93,37.52,2030-10-22,21.67
PRJ-0268,June,2026-06-15,44.94,47.48,88071.9,312811.34,68.64,2031-09-22,33.39
PRJ-0268,July,2026-07-15,53.93,56.77,105297.86,205887.62,11.0,2029-07-22,6.61
PRJ-0269,Feb,2026-02-15,34.92,44.84,131357.14,396263.86,35.26,2037-09-04,18.69
PRJ-0269,March,2026-03-15,69.84,74.73,218932.49,387322.24,32.21,2037-03-04,12.5
PRJ-0269,April,2026-04-15,100.0,99.74,292188.46,388847.46,32.73,2037-04-04,13.53
PRJ-0269,May,2026-05-15,100.0,100.0,292957.73,390773.12,33.39,2037-01-04,10.88
PRJ-0269,June,2026-06-15,100.0,100.0,292957.73,425882.37,45.37,2037-07-04,17.26
PRJ-0269,July,2026-07-15,100.0,94.81,277748.97,365570.92,24.79,2036-09-04,7.4
PRJ-0270,Feb,2026-02-15,1.34,0.0,0.0,1059127.51,27.61,2032-12-13,19.85
PRJ-0270,March,2026-03-15,1.75,4.69,38938.5,1020738.22,22.98,2032-11-13,18.8
PRJ-0270,April,2026-04-15,3.71,6.62,54951.47,986296.13,18.83,2032-09-13,17.21
PRJ-0270,May,2026-05-15,5.36,0.91,7550.5,970162.31,16.89,2032-07-13,14.56
PRJ-0270,June,2026-06-15,0.96,1.97,16313.84,1159469.96,39.7,2033-08-13,27.62
PRJ-0270,July,2026-07-15,5.53,2.35,19534.62,787534.45,-5.12,2032-04-13,12.27
PRJ-0271,Feb,2026-02-15,11.52,10.68,125535.59,1263385.66,7.51,2031-10-07,10.66
PRJ-0271,March,2026-03-15,23.05,25.63,301123.12,1252360.55,6.57,2031-12-07,12.83
PRJ-0271,April,2026-04-15,34.57,37.27,438007.51,1236673.53,5.24,2031-10-07,10.59
PRJ-0271,May,2026-05-15,46.09,48.37,568387.81,1267809.22,7.89,2031-10-07,11.35
PRJ-0271,June,2026-06-15,57.62,61.54,723105.72,1230126.94,4.68,2031-03-07,4.15
PRJ-0271,July,2026-07-15,69.14,68.98,810621.89,1208285.75,2.82,2031-03-07,4.2
PRJ-0272,Feb,2026-02-15,14.25,15.65,121015.31,916407.19,18.52,2030-11-02,14.73
PRJ-0272,March,2026-03-15,28.5,21.53,166478.42,879408.46,13.73,2030-09-02,13.46
PRJ-0272,April,2026-04-15,42.76,40.46,312827.64,857541.28,10.9,2030-10-02,13.86
PRJ-0272,May,2026-05-15,57.01,59.83,462641.74,825957.0,6.82,2030-08-02,11.92
PRJ-0272,June,2026-06-15,71.26,71.13,550016.71,1210337.76,56.53,2031-05-02,20.97
PRJ-0272,July,2026-07-15,85.51,83.86,648461.74,611352.86,-20.93,2029-08-02,0.0
PRJ-0273,Feb,2026-02-15,9.62,8.98,129821.49,1931844.3,33.68,2036-08-07,22.24
PRJ-0273,March,2026-03-15,19.24,20.17,291526.7,1907455.36,32.0,2036-04-07,17.66
PRJ-0273,April,2026-04-15,28.87,31.05,448694.26,1802481.8,24.73,2036-03-07,16.94
PRJ-0273,May,2026-05-15,38.49,45.52,657825.42,1692883.93,17.15,2035-09-07,11.24
PRJ-0273,June,2026-06-15,48.11,48.91,706818.8,2604049.38,80.2,2037-09-07,35.5
PRJ-0273,July,2026-07-15,57.73,59.98,866770.82,1118146.05,-22.62,2034-10-07,0.0
PRJ-0274,Feb,2026-02-15,12.41,13.88,141697.13,1318703.5,29.16,2036-01-09,17.31
PRJ-0274,March,2026-03-15,24.81,21.53,219863.61,1284638.52,25.82,2036-05-09,20.62
PRJ-0274,April,2026-04-15,37.22,32.72,334104.89,1234096.24,20.87,2035-11-09,14.99
PRJ-0274,May,2026-05-15,49.62,54.7,558481.62,1187918.43,16.35,2035-08-09,11.77
PRJ-0274,June,2026-06-15,62.03,64.4,657491.63,1829604.51,79.2,2037-02-09,30.27
PRJ-0274,July,2026-07-15,74.44,76.07,776664.07,761234.08,-25.44,2034-08-09,0.0
PRJ-0275,Feb,2026-02-15,5.87,12.98,86543.57,804531.03,20.66,2035-03-10,20.34
PRJ-0275,March,2026-03-15,11.75,14.05,93704.22,797054.16,19.54,2034-10-10,14.72
PRJ-0275,April,2026-04-15,17.62,18.04,120302.06,779251.69,16.87,2034-12-10,16.69
PRJ-0275,May,2026-05-15,23.5,24.49,163288.37,771378.51,15.69,2034-10-10,14.83
PRJ-0275,June,2026-06-15,29.37,28.19,187943.88,853128.73,27.95,2034-12-10,17.41
PRJ-0275,July,2026-07-15,35.25,36.89,245967.25,684268.45,2.63,2034-04-10,9.09
PRJ-0276,Feb,2026-02-15,13.18,14.08,55607.31,431249.2,9.2,2036-10-20,11.36
PRJ-0276,March,2026-03-15,26.37,27.11,107074.54,432605.75,9.54,2036-10-20,10.84
PRJ-0276,April,2026-04-15,39.55,37.44,147865.06,417619.18,5.75,2036-11-20,11.89
PRJ-0276,May,2026-05-15,52.73,53.36,210708.21,408916.0,3.55,2036-07-20,8.06
PRJ-0276,June,2026-06-15,65.92,66.69,263377.4,480333.01,21.63,2036-11-20,12.21
PRJ-0276,July,2026-07-15,79.1,80.11,316372.68,356380.75,-9.76,2035-11-20,0.0
PRJ-0277,Feb,2026-02-15,8.5,11.17,20469.7,215908.67,17.81,2031-08-21,18.17
PRJ-0277,March,2026-03-15,17.01,28.02,51351.56,216532.91,18.15,2031-08-21,17.54
PRJ-0277,April,2026-04-15,25.51,24.28,44497.57,215981.24,17.85,2031-03-21,13.2
PRJ-0277,May,2026-05-15,34.01,36.86,67550.72,210066.24,14.62,2031-04-21,13.85
PRJ-0277,June,2026-06-15,42.51,41.66,76343.09,236494.23,29.04,2031-06-21,16.32
PRJ-0277,July,2026-07-15,51.02,53.91,98808.23,189193.51,3.23,2030-11-21,8.69
PRJ-0278,Feb,2026-02-15,17.8,16.13,268463.1,2161296.7,29.83,2036-08-11,20.66
PRJ-0278,March,2026-03-15,35.6,32.1,534408.52,2078163.15,24.84,2036-03-11,16.28
PRJ-0278,April,2026-04-15,53.4,51.34,854692.07,1994745.26,19.83,2035-11-11,11.65
PRJ-0278,May,2026-05-15,71.2,68.8,1145351.58,1951940.95,17.25,2035-10-11,10.63
PRJ-0278,June,2026-06-15,89.0,83.41,1388487.45,2295843.93,37.91,2036-03-11,15.63
PRJ-0278,July,2026-07-15,100.0,100.0,1664710.64,1528305.92,-8.19,2034-11-11,0.0
PRJ-0279,Feb,2026-02-15,7.74,9.56,83074.63,922715.39,6.17,2037-04-21,14.19
PRJ-0279,March,2026-03-15,15.48,23.54,204602.22,887717.41,2.15,2037-02-21,11.95
PRJ-0279,April,2026-04-15,23.22,22.65,196822.9,915807.78,5.38,2036-09-21,7.39
PRJ-0279,May,2026-05-15,30.96,28.7,249436.31,903192.67,3.93,2037-01-21,10.75
PRJ-0279,June,2026-06-15,38.7,39.66,344629.34,1096751.9,26.2,2037-05-21,14.98
PRJ-0279,July,2026-07-15,46.44,41.69,362314.48,788546.16,-9.26,2036-10-21,7.68
PRJ-0280,Feb,2026-02-15,0.06,0.0,0.0,389995.01,0.61,2035-10-05,14.1
PRJ-0280,March,2026-03-15,1.92,3.07,11887.6,386002.95,-0.42,2035-06-05,9.93
PRJ-0280,April,2026-04-15,2.88,3.83,14856.02,391495.32,0.99,2035-07-05,11.34
PRJ-0280,May,2026-05-15,2.74,0.0,0.0,406923.11,4.97,2035-08-05,11.9
PRJ-0280,June,2026-06-15,4.03,0.0,0.0,471993.68,21.76,2036-07-05,22.73
PRJ-0280,July,2026-07-15,5.76,6.13,23758.14,391648.01,1.03,2035-06-05,10.02
PRJ-0281,Feb,2026-02-15,18.2,16.1,118470.62,1136806.98,54.49,2033-07-13,29.47
PRJ-0281,March,2026-03-15,36.41,38.22,281213.82,1108037.51,50.58,2033-02-13,24.39
PRJ-0281,April,2026-04-15,54.61,60.15,442612.2,1095763.48,48.91,2032-12-13,22.23
PRJ-0281,May,2026-05-15,72.82,65.65,483087.71,1079776.94,46.74,2032-09-13,18.68
PRJ-0281,June,2026-06-15,91.02,98.72,726405.61,1240898.22,68.63,2032-11-13,21.18
PRJ-0281,July,2026-07-15,100.0,100.0,735857.72,846022.85,14.97,2031-06-13,3.67
PRJ-0282,Feb,2026-02-15,0.62,0.0,0.0,672653.43,6.28,2033-03-04,15.12
PRJ-0282,March,2026-03-15,4.54,7.63,48265.46,652793.2,3.14,2032-12-04,11.6
PRJ-0282,April,2026-04-15,5.28,3.71,23482.33,661973.33,4.59,2033-02-04,14.24
PRJ-0282,May,2026-05-15,5.2,8.17,51714.81,635645.19,0.43,2032-12-04,11.75
PRJ-0282,June,2026-06-15,3.42,7.45,47154.0,789071.15,24.68,2033-08-04,20.05
PRJ-0282,July,2026-07-15,3.28,6.04,38258.46,532851.13,-15.81,2032-05-04,4.53
PRJ-0283,Feb,2026-02-15,13.71,15.41,166079.88,1379378.57,27.96,2037-10-03,20.72
PRJ-0283,March,2026-03-15,27.43,28.36,305677.72,1344341.26,24.71,2037-09-03,19.74
PRJ-0283,April,2026-04-15,41.14,43.27,466386.97,1326929.55,23.1,2037-04-03,15.24
PRJ-0283,May,2026-05-15,54.86,61.75,665621.36,1303626.29,20.94,2037-04-03,15.15
PRJ-0283,June,2026-06-15,68.57,69.43,748386.74,1454728.47,34.95,2037-04-03,14.6
PRJ-0283,July,2026-07-15,82.28,83.52,900308.49,1154258.26,7.08,2036-07-03,6.31
PRJ-0284,Feb,2026-02-15,5.57,11.42,39311.33,395812.66,15.01,2031-06-12,17.11
PRJ-0284,March,2026-03-15,11.14,14.21,48901.18,385171.5,11.92,2031-07-12,17.63
PRJ-0284,April,2026-04-15,16.71,11.4,39228.69,377366.71,9.65,2031-06-12,17.39
PRJ-0284,May,2026-05-15,22.28,20.24,69659.61,367977.1,6.93,2030-11-12,9.69
PRJ-0284,June,2026-06-15,27.85,26.74,92011.48,445125.37,29.34,2031-09-12,19.59
PRJ-0284,July,2026-07-15,33.42,31.15,107212.86,301439.89,-12.41,2030-02-12,1.41
PRJ-0285,Feb,2026-02-15,15.79,18.21,363387.93,1853158.21,-7.12,2032-05-07,6.04
PRJ-0285,March,2026-03-15,31.58,31.64,631313.2,1813753.67,-9.1,2032-05-07,6.15
PRJ-0285,April,2026-04-15,47.37,45.32,904206.36,1872137.74,-6.17,2032-04-07,4.75
PRJ-0285,May,2026-05-15,63.15,63.97,1276483.06,1905943.52,-4.48,2031-11-07,0.0
PRJ-0285,June,2026-06-15,78.94,87.12,1738269.0,1868398.29,-6.36,2031-11-07,0.0
PRJ-0285,July,2026-07-15,94.73,93.83,1872101.05,1806354.92,-9.47,2031-11-07,0.0
PRJ-0286,Feb,2026-02-15,12.43,9.75,74638.74,861577.46,12.56,2031-05-18,11.27
PRJ-0286,March,2026-03-15,24.85,33.07,253147.3,860044.55,12.36,2031-08-18,14.26
PRJ-0286,April,2026-04-15,37.28,35.63,272738.26,861066.16,12.49,2031-05-18,11.41
PRJ-0286,May,2026-05-15,49.71,57.74,442016.57,856431.13,11.88,2031-07-18,13.17
PRJ-0286,June,2026-06-15,62.14,62.28,476717.5,1007389.52,31.6,2031-10-18,16.02
PRJ-0286,July,2026-07-15,74.56,68.77,526428.48,766980.14,0.2,2030-07-18,0.87
PRJ-0287,Feb,2026-02-15,14.22,12.74,125759.34,1150119.27,16.51,2031-06-01,15.43
PRJ-0287,March,2026-03-15,28.44,32.15,317341.93,1149215.66,16.42,2031-02-01,10.53
PRJ-0287,April,2026-04-15,42.66,42.67,421257.75,1115394.55,12.99,2031-03-01,11.62
PRJ-0287,May,2026-05-15,56.88,54.73,540222.44,1139690.66,15.45,2030-12-01,8.75
PRJ-0287,June,2026-06-15,71.1,69.34,684444.14,1264687.07,28.12,2031-07-01,16.41
PRJ-0287,July,2026-07-15,85.32,85.11,840155.99,1013221.49,2.64,2030-11-01,7.64
PRJ-0288,Feb,2026-02-15,17.66,18.06,26455.86,225890.04,54.23,2038-01-18,27.71
PRJ-0288,March,2026-03-15,35.32,43.44,63621.11,221346.22,51.13,2038-01-18,28.08
PRJ-0288,April,2026-04-15,52.98,56.41,82618.09,215598.89,47.2,2037-05-18,20.42
PRJ-0288,May,2026-05-15,70.65,74.44,109025.24,209507.37,43.04,2037-07-18,21.56
PRJ-0288,June,2026-06-15,88.31,86.37,126507.06,231030.15,57.74,2037-11-18,25.97
PRJ-0288,July,2026-07-15,100.0,100.0,146464.97,166492.62,13.67,2036-02-18,5.2
PRJ-0289,Feb,2026-02-15,1.98,5.64,10682.98,219976.15,16.17,2032-09-13,17.16
PRJ-0289,March,2026-03-15,3.96,8.0,15150.12,212231.76,12.08,2032-10-13,17.96
PRJ-0289,April,2026-04-15,5.94,6.79,12863.45,205011.95,8.26,2032-04-13,11.76
PRJ-0289,May,2026-05-15,7.92,8.42,15946.97,196363.02,3.7,2032-04-13,12.41
PRJ-0289,June,2026-06-15,9.91,7.04,13334.87,347825.54,83.68,2034-06-13,37.97
PRJ-0289,July,2026-07-15,11.89,4.02,7605.61,127673.1,-32.58,2031-04-13,0.0
PRJ-0290,Feb,2026-02-15,43.75,36.53,643673.47,2162013.68,22.7,2035-08-07,15.29
PRJ-0290,March,2026-03-15,87.51,82.74,1457815.63,2074923.72,17.76,2034-12-07,7.49
PRJ-0290,April,2026-04-15,100.0,100.0,1762001.84,2111799.31,19.85,2034-11-07,5.52
PRJ-0290,May,2026-05-15,100.0,91.03,1603865.11,2067125.8,17.32,2034-10-07,4.56
PRJ-0290,June,2026-06-15,100.0,100.0,1762001.84,1996198.91,13.29,2034-09-07,4.25
PRJ-0290,July,2026-07-15,100.0,99.3,1749687.59,1932332.37,9.67,2034-08-07,3.43
PRJ-0291,Feb,2026-02-15,22.12,21.88,21464.2,131935.43,34.48,2036-12-16,23.74
PRJ-0291,March,2026-03-15,44.23,51.45,50476.69,128856.79,31.34,2036-03-16,14.98
PRJ-0291,April,2026-04-15,66.35,62.55,61363.18,127553.95,30.02,2036-07-16,18.92
PRJ-0291,May,2026-05-15,88.47,86.46,84823.84,123983.83,26.38,2035-10-16,9.87
PRJ-0291,June,2026-06-15,100.0,98.69,96816.84,147519.47,50.37,2036-05-16,17.36
PRJ-0291,July,2026-07-15,100.0,100.0,98105.72,100708.96,2.65,2035-01-16,0.96
PRJ-0292,Feb,2026-02-15,2.34,0.05,491.93,948354.69,1.26,2031-05-04,9.79
PRJ-0292,March,2026-03-15,4.68,10.29,96340.86,947818.5,1.2,2031-07-04,12.22
PRJ-0292,April,2026-04-15,7.03,4.03,37765.16,981639.81,4.81,2031-10-04,14.94
PRJ-0292,May,2026-05-15,9.37,10.27,96193.66,956799.97,2.16,2031-07-04,12.07
PRJ-0292,June,2026-06-15,11.71,12.72,119083.74,980773.07,4.72,2031-06-04,10.77
PRJ-0292,July,2026-07-15,14.05,20.98,196500.09,962052.7,2.72,2031-05-04,10.1
PRJ-0293,Feb,2026-02-15,3.12,2.05,33083.92,2146917.8,32.92,2036-04-02,22.95
PRJ-0293,March,2026-03-15,6.25,6.37,102849.22,2129453.53,31.84,2036-01-02,19.92
PRJ-0293,April,2026-04-15,9.37,9.93,160354.86,1995152.27,23.53,2035-10-02,16.85
PRJ-0293,May,2026-05-15,12.5,15.04,242872.31,1929851.1,19.48,2035-12-02,18.69
PRJ-0293,June,2026-06-15,15.62,16.79,271238.42,2313792.25,43.26,2036-07-02,25.64
PRJ-0293,July,2026-07-15,18.74,21.16,341789.9,1609502.73,-0.35,2034-09-02,4.42
PRJ-0294,Feb,2026-02-15,11.76,17.8,48624.95,265851.0,-2.7,2036-03-05,11.9
PRJ-0294,March,2026-03-15,23.53,22.74,62123.93,260973.98,-4.49,2035-05-05,1.91
PRJ-0294,April,2026-04-15,35.29,29.88,81642.23,255576.53,-6.46,2035-09-05,5.95
PRJ-0294,May,2026-05-15,47.06,49.84,136182.24,253122.0,-7.36,2035-10-05,6.57
PRJ-0294,June,2026-06-15,58.82,67.94,185644.83,316361.69,15.78,2036-02-05,10.93
PRJ-0294,July,2026-07-15,70.59,68.34,186722.27,209214.84,-23.43,2035-03-05,0.0
PRJ-0295,Feb,2026-02-15,3.17,5.73,23848.61,456575.8,9.73,2035-07-09,17.36
PRJ-0295,March,2026-03-15,6.33,11.14,46363.78,449658.67,8.07,2035-01-09,11.34
PRJ-0295,April,2026-04-15,9.5,4.64,19321.19,439358.3,5.59,2035-03-09,12.84
PRJ-0295,May,2026-05-15,12.66,10.26,42676.11,450433.23,8.25,2035-02-09,12.42
PRJ-0295,June,2026-06-15,15.83,18.12,75406.71,505205.85,21.42,2035-07-09,16.64
PRJ-0295,July,2026-07-15,19.0,13.62,56654.54,393831.32,-5.35,2034-09-09,6.7
PRJ-0296,Feb,2026-02-15,6.9,12.52,1823.67,16403.33,12.6,2033-06-24,15.69
PRJ-0296,March,2026-03-15,13.81,22.97,3345.65,15841.26,8.74,2033-04-24,14.18
PRJ-0296,April,2026-04-15,20.71,24.54,3574.43,16036.59,10.08,2033-04-24,14.45
PRJ-0296,May,2026-05-15,27.62,24.97,3637.07,16283.66,11.78,2033-03-24,13.45
PRJ-0296,June,2026-06-15,34.52,37.18,5417.08,18033.87,23.79,2033-06-24,16.14
PRJ-0296,July,2026-07-15,41.42,40.84,5949.27,14592.65,0.17,2032-09-24,6.59
PRJ-0297,Feb,2026-02-15,23.21,23.25,295157.23,1873013.06,47.52,2036-05-09,22.79
PRJ-0297,March,2026-03-15,46.43,43.3,549827.23,1791253.0,41.08,2035-11-09,16.53
PRJ-0297,April,2026-04-15,69.64,71.11,902912.87,1786606.34,40.71,2035-12-09,17.83
PRJ-0297,May,2026-05-15,92.85,85.56,1086352.66,1669176.79,31.46,2035-06-09,11.86
PRJ-0297,June,2026-06-15,100.0,97.21,1234222.81,1937880.47,52.62,2036-02-09,20.15
PRJ-0297,July,2026-07-15,100.0,100.0,1269705.71,1308379.26,3.05,2034-09-09,3.5
PRJ-0298,Feb,2026-02-15,33.76,39.39,461029.13,1393822.89,19.07,2034-10-13,15.17
PRJ-0298,March,2026-03-15,67.52,68.04,796493.69,1368347.91,16.9,2034-04-13,8.8
PRJ-0298,April,2026-04-15,100.0,98.23,1149837.28,1315543.14,12.39,2034-01-13,6.25
PRJ-0298,May,2026-05-15,100.0,94.01,1100490.33,1266323.55,8.18,2033-07-13,0.0
PRJ-0298,June,2026-06-15,100.0,100.0,1170560.42,2141279.67,82.93,2035-10-13,26.72
PRJ-0298,July,2026-07-15,100.0,100.0,1170560.42,871174.48,-25.58,2033-07-13,0.0
PRJ-0299,Feb,2026-02-15,11.41,18.16,363121.76,2379859.53,18.99,2037-02-11,14.55
PRJ-0299,March,2026-03-15,22.82,16.56,331121.11,2290554.68,14.53,2037-04-11,17.39
PRJ-0299,April,2026-04-15,34.23,35.63,712662.48,2301777.47,15.09,2037-01-11,13.51
PRJ-0299,May,2026-05-15,45.64,50.49,1009726.61,2269417.99,13.47,2037-01-11,13.55
PRJ-0299,June,2026-06-15,57.05,55.65,1113087.48,2792244.28,39.61,2037-08-11,20.55
PRJ-0299,July,2026-07-15,68.46,67.7,1353979.9,1930185.54,-3.49,2036-01-11,1.86
PRJ-0300,Feb,2026-02-15,20.84,18.75,169384.89,1351838.89,49.62,2033-07-07,30.63
PRJ-0300,March,2026-03-15,41.67,43.8,395732.48,1291630.37,42.95,2033-02-07,25.55
PRJ-0300,April,2026-04-15,62.51,62.16,561595.46,1250243.66,38.37,2032-03-07,15.42
PRJ-0300,May,2026-05-15,83.35,77.39,699243.72,1224009.84,35.47,2032-04-07,15.91
PRJ-0300,June,2026-06-15,100.0,98.89,893515.93,1682614.37,86.23,2033-06-07,29.98
PRJ-0300,July,2026-07-15,100.0,95.46,862480.53,919311.17,1.75,2031-01-07,1.02
PRJ-0301,Feb,2026-02-15,0.22,2.32,8697.38,402551.9,7.43,2029-10-15,10.59
PRJ-0301,March,2026-03-15,0.44,0.0,0.0,398572.85,6.37,2030-03-15,15.78
PRJ-0301,April,2026-04-15,0.65,5.06,18977.95,405633.15,8.26,2030-02-15,14.5
PRJ-0301,May,2026-05-15,0.52,2.09,7822.31,372826.92,-0.5,2030-02-15,14.7
PRJ-0301,June,2026-06-15,1.09,2.94,11021.22,525037.86,40.12,2030-11-15,23.53
PRJ-0301,July,2026-07-15,1.31,9.04,33882.93,309203.95,-17.48,2029-02-15,2.89
PRJ-0302,Feb,2026-02-15,37.33,35.81,364607.55,1294451.28,27.12,2035-09-22,14.72
PRJ-0302,March,2026-03-15,74.67,74.57,759322.33,1301187.75,27.78,2035-10-22,15.56
PRJ-0302,April,2026-04-15,100.0,97.92,997087.77,1265795.01,24.3,2035-01-22,7.48
PRJ-0302,May,2026-05-15,100.0,100.0,1018305.24,1257583.87,23.5,2034-10-22,4.47
PRJ-0302,June,2026-06-15,100.0,99.52,1013367.89,1345793.2,32.16,2035-03-22,9.19
PRJ-0302,July,2026-07-15,100.0,94.6,963333.18,1137832.13,11.74,2034-09-22,3.18
PRJ-0303,Feb,2026-02-15,8.94,10.91,1464.38,15605.63,16.32,2032-03-09,20.23
PRJ-0303,March,2026-03-15,17.88,15.69,2104.79,14923.89,11.23,2031-12-09,17.3
PRJ-0303,April,2026-04-15,26.82,26.11,3503.27,14476.32,7.9,2031-08-09,12.99
PRJ-0303,May,2026-05-15,35.77,38.61,5180.33,13943.83,3.93,2031-05-09,10.25
PRJ-0303,June,2026-06-15,44.71,48.27,6475.91,17759.89,32.37,2032-04-09,20.57
PRJ-0303,July,2026-07-15,53.65,50.2,6734.94,11854.65,-11.64,2031-01-09,5.71
PRJ-0304,Feb,2026-02-15,13.39,5.41,8582.1,203876.5,28.42,2034-12-26,19.34
PRJ-0304,March,2026-03-15,26.78,29.9,47467.52,190729.46,20.14,2034-06-26,12.74
PRJ-0304,April,2026-04-15,40.17,42.22,67031.78,185612.21,16.92,2034-08-26,15.22
PRJ-0304,May,2026-05-15,53.56,55.84,88644.2,180250.63,13.54,2034-04-26,11.39
PRJ-0304,June,2026-06-15,66.95,62.57,99327.75,214150.45,34.89,2034-10-26,17.31
PRJ-0304,July,2026-07-15,80.33,83.91,133212.47,146381.28,-7.79,2033-05-26,0.26
PRJ-0305,Feb,2026-02-15,14.95,18.51,123076.61,796852.28,19.82,2035-01-13,14.31
PRJ-0305,March,2026-03-15,29.9,28.59,190117.84,772154.4,16.11,2035-04-13,17.28
PRJ-0305,April,2026-04-15,44.85,38.29,254646.5,771914.61,16.07,2035-02-13,14.94
PRJ-0305,May,2026-05-15,59.8,55.11,366496.91,743830.4,11.85,2034-03-13,3.93
PRJ-0305,June,2026-06-15,74.76,79.25,527017.75,953344.1,43.35,2035-08-13,21.38
PRJ-0305,July,2026-07-15,89.71,96.72,643196.84,569908.56,-14.3,2033-11-13,0.0
PRJ-0306,Feb,2026-02-15,16.34,19.79,85889.5,593388.51,36.69,2032-11-12,23.9
PRJ-0306,March,2026-03-15,32.67,24.4,105930.21,578084.05,33.17,2032-09-12,21.76
PRJ-0306,April,2026-04-15,49.01,43.86,190416.92,573943.02,32.21,2032-04-12,16.98
PRJ-0306,May,2026-05-15,65.34,65.01,282205.19,559563.81,28.9,2031-10-12,11.17
PRJ-0306,June,2026-06-15,81.68,85.69,371992.06,666558.31,53.55,2032-07-12,20.27
PRJ-0306,July,2026-07-15,98.01,99.45,431707.89,465679.63,7.27,2030-12-12,0.53
PRJ-0307,Feb,2026-02-15,11.89,12.13,53628.1,572725.33,29.55,2037-06-07,21.33
PRJ-0307,March,2026-03-15,23.79,21.4,94604.51,527996.82,19.43,2037-02-07,16.87
PRJ-0307,April,2026-04-15,35.68,27.07,119651.66,523599.01,18.44,2036-12-07,14.59
PRJ-0307,May,2026-05-15,47.58,52.71,233024.47,505719.16,14.39,2036-07-07,10.02
PRJ-0307,June,2026-06-15,59.47,55.48,245277.56,758426.75,71.56,2038-01-07,27.71
PRJ-0307,July,2026-07-15,71.36,60.5,267443.41,320354.01,-27.54,2035-09-07,0.0
PRJ-0308,Feb,2026-02-15,4.91,5.31,21351.98,530343.14,31.9,2036-01-12,22.78
PRJ-0308,March,2026-03-15,9.81,10.21,41069.1,504507.34,25.47,2035-07-12,17.45
PRJ-0308,April,2026-04-15,14.72,25.63,103044.93,507293.72,26.17,2035-10-12,20.36
PRJ-0308,May,2026-05-15,19.62,9.49,38146.69,470645.53,17.05,2035-02-12,12.24
PRJ-0308,June,2026-06-15,24.53,20.41,82067.64,639403.53,59.02,2036-07-12,28.97
PRJ-0308,July,2026-07-15,29.43,35.36,142184.76,365268.19,-9.16,2034-07-12,4.86
PRJ-0309,Feb,2026-02-15,2.03,3.61,38181.32,1368054.66,29.38,2036-04-10,23.42
PRJ-0309,March,2026-03-15,0.93,10.56,111630.56,1357405.38,28.37,2036-06-10,24.67
PRJ-0309,April,2026-04-15,2.44,5.5,58137.63,1349972.79,27.67,2036-06-10,24.92
PRJ-0309,May,2026-05-15,2.89,8.37,88466.74,1280335.62,21.08,2035-10-10,17.05
PRJ-0309,June,2026-06-15,5.47,7.71,81545.22,1558500.58,47.39,2036-11-10,30.4
PRJ-0309,July,2026-07-15,6.3,4.25,44958.66,1108957.27,4.88,2035-06-10,13.15
PRJ-0310,Feb,2026-02-15,25.69,20.51,26780.65,171985.69,31.7,2037-05-26,19.36
PRJ-0310,March,2026-03-15,51.39,53.26,69548.92,170837.64,30.82,2037-04-26,17.52
PRJ-0310,April,2026-04-15,77.08,85.02,111028.74,169797.33,30.02,2036-10-26,11.79
PRJ-0310,May,2026-05-15,100.0,100.0,130593.6,168058.2,28.69,2036-10-26,11.82
PRJ-0310,June,2026-06-15,100.0,100.0,130593.6,189950.56,45.45,2037-04-26,18.01
PRJ-0310,July,2026-07-15,100.0,100.0,130593.6,150998.15,15.62,2036-05-26,7.28
PRJ-0311,Feb,2026-02-15,3.42,7.66,83513.61,1441198.89,32.15,2034-03-09,21.69
PRJ-0311,March,2026-03-15,6.84,2.54,27704.88,1398600.48,28.24,2034-01-09,20.02
PRJ-0311,April,2026-04-15,10.26,7.52,82055.82,1368190.05,25.45,2033-11-09,18.2
PRJ-0311,May,2026-05-15,13.67,12.54,136774.99,1302974.86,19.47,2034-02-09,20.92
PRJ-0311,June,2026-06-15,17.09,18.47,201419.26,1723625.86,58.05,2034-10-09,29.11
PRJ-0311,July,2026-07-15,20.51,13.69,149336.9,992356.38,-9.01,2032-08-09,3.24
PRJ-0312,Feb,2026-02-15,10.83,9.78,26439.74,334439.41,23.68,2031-06-28,21.14
PRJ-0312,March,2026-03-15,21.67,21.48,58082.47,332948.71,23.13,2031-05-28,20.41
PRJ-0312,April,2026-04-15,32.5,29.46,79673.32,330188.65,22.11,2031-01-28,16.16
PRJ-0312,May,2026-05-15,43.34,45.02,121740.87,319217.34,18.05,2030-11-28,14.15
PRJ-0312,June,2026-06-15,54.17,54.88,148385.52,350219.29,29.52,2031-01-28,15.59
PRJ-0312,July,2026-07-15,65.01,68.33,184781.3,287656.66,6.38,2030-04-28,7.39
PRJ-0313,Feb,2026-02-15,0.25,1.89,19160.84,1274880.41,25.78,2034-06-19,19.88
PRJ-0313,March,2026-03-15,0.51,2.89,29266.49,1255664.13,23.89,2034-08-19,22.21
PRJ-0313,April,2026-04-15,0.76,0.0,0.0,1222085.49,20.58,2034-04-19,18.19
PRJ-0313,May,2026-05-15,1.01,0.0,0.0,1193380.9,17.74,2034-04-19,17.73
PRJ-0313,June,2026-06-15,1.27,0.85,8654.06,1742388.73,71.91,2035-09-19,35.0
PRJ-0313,July,2026-07-15,1.52,3.6,36525.18,837280.06,-17.39,2033-06-19,7.66
PRJ-0314,Feb,2026-02-15,11.96,12.28,27604.17,321415.01,43.02,2037-09-04,26.12
PRJ-0314,March,2026-03-15,23.92,23.2,52133.1,318501.65,41.72,2037-05-04,21.57
PRJ-0314,April,2026-04-15,35.88,37.76,84861.39,308732.9,37.37,2037-04-04,21.18
PRJ-0314,May,2026-05-15,47.84,54.55,122600.48,297222.55,32.25,2036-11-04,16.3
PRJ-0314,June,2026-06-15,59.79,56.86,127782.55,405283.3,80.34,2038-06-04,35.16
PRJ-0314,July,2026-07-15,71.75,70.58,158622.89,222172.94,-1.14,2036-01-04,6.31
PRJ-0315,Feb,2026-02-15,18.15,17.59,351854.05,2184701.93,9.24,2029-11-03,13.46
PRJ-0315,March,2026-03-15,36.3,45.73,914613.25,2127215.58,6.36,2029-08-03,10.34
PRJ-0315,April,2026-04-15,54.45,59.21,1184251.99,2066589.93,3.33,2029-04-03,5.9
PRJ-0315,May,2026-05-15,72.6,65.93,1318559.95,2024261.39,1.21,2029-01-03,2.81
PRJ-0315,June,2026-06-15,90.75,97.03,1940589.0,3630905.18,81.55,2031-02-03,28.1
PRJ-0315,July,2026-07-15,100.0,100.0,2000000.0,1208483.56,-39.58,2028-10-03,0.0
PRJ-0316,Feb,2026-02-15,9.36,1.91,10.87,697.2,22.25,2030-03-03,18.07
PRJ-0316,March,2026-03-15,18.72,25.28,144.17,669.71,17.43,2030-05-03,20.18
PRJ-0316,April,2026-04-15,28.08,29.11,165.99,655.1,14.87,2029-09-03,11.91
PRJ-0316,May,2026-05-15,37.44,44.65,254.65,648.73,13.75,2029-08-03,11.39
PRJ-0316,June,2026-06-15,46.8,43.03,245.39,781.43,37.02,2030-07-03,21.63
PRJ-0316,July,2026-07-15,56.16,54.39,310.17,506.12,-11.25,2028-10-03,1.23
PRJ-0317,Feb,2026-02-15,56.35,61.51,571688.22,1380129.99,48.48,2036-04-13,22.51
PRJ-0317,March,2026-03-15,100.0,98.36,914254.51,1339122.27,44.07,2035-08-13,15.36
PRJ-0317,April,2026-04-15,100.0,96.32,895263.96,1295222.43,39.35,2035-06-13,13.3
PRJ-0317,May,2026-05-15,100.0,95.14,884300.06,1227743.54,32.09,2035-03-13,9.6
PRJ-0317,June,2026-06-15,100.0,98.32,913853.42,1808803.02,94.6,2037-03-13,33.98
PRJ-0317,July,2026-07-15,100.0,100.0,929474.35,765666.09,-17.62,2034-05-13,0.0
